sentences,vectors,gay,lesbian,black,transgender,chinese
"Damn, he was a tank when he played.",[-0.6636137  1.2023519  0.6510567 ...  0.7790466 -1.0435079  1.0715932],0,0,0,0,0
"Pushing Party for Alex Morse Accountability, Mass. Democrat Is Called “F****t”","[-0.3408306   0.9359817   0.40372786 ... -0.47903025 -0.35604787
  0.25841448]",0,0,0,0,0
Worst Opinion of the Week: Lying Is Bad (Unless You Pay Facebook to Do It),"[-0.17794444  1.4044044   0.85383594 ... -0.424999    0.45021573
 -1.0185342 ]",0,0,0,0,0
Boston's Generation Z population want somewhere to be queer,"[-0.11416551  0.91403675 -0.5913176  ...  0.00526404 -2.3722696
  0.45310262]",0,0,0,0,0
The Liberals instructed BC Hydro to hand over 7 billion dollars worth of dividends - and forced BC Hydro to borrow money to do so.,"[-0.21968532  1.7922213   0.7958125  ...  1.4636317  -0.29538554
  0.19073643]",0,0,0,0,0
Putin's puppets and trolls are trying to destroy the EU and NATO.,"[-0.89078486  0.91654027  0.31417698 ... -0.14641446 -1.1442027
 -0.03982941]",0,0,0,0,0
Cunts – Cunts,"[-1.3968332  -0.3196535   0.10803153 ... -0.85744107 -0.35413107
  0.55473894]",0,0,0,0,0
Trump is more corrupt than Hillary.,"[-1.1593046   1.6285737   0.38233525 ... -1.1686335   1.1651598
  0.43008438]",0,0,0,0,0
‘A trailblazing queer writer’: Carmen Maria Machado on They by Kay Dick,"[ 0.00570662  0.8079631   0.19687355 ... -0.4072913  -2.1857622
  0.5597202 ]",0,0,0,0,0
Why did I date men for so long before coming out as a lesbian?,"[ 0.4319573   0.48704457  0.56085443 ...  0.17457195 -1.7898902
  2.1316283 ]",0,0,0,0,0
Trump voters don't want access to health care or anything which would help them out.,"[-1.1675946   0.3578313  -0.07963492 ... -0.5421876   0.12284736
 -0.49278376]",0,0,0,0,0
A Bachie Contestant’s Alleged Texts About The Dog C*nt Saga Have Leaked & They’re Fkn Spicy,"[-0.5921745  -0.23801549  0.7068837  ...  0.5679621  -0.04148338
 -0.08318296]",0,0,0,0,0
Hindu Right Groups Threaten Gujarat Bus Operators Who Stop at Muslim-Owned Dhabas,"[-0.30539298  0.52955747  0.71134067 ...  0.5069904  -0.9181672
 -0.1205679 ]",0,0,0,0,0
Exactly why would an adult want to consume this poison in every glass of water every day of life?,"[ 0.15693149  0.37726307  0.04638431 ... -0.1771049  -0.5415217
 -0.19661655]",0,0,0,0,0
Frank Harris III: If the N-word were a crime,"[-0.91739506  1.2882134  -0.01334002 ... -0.8219806  -1.4726301
  0.7485088 ]",0,0,0,0,0
Australia also has better gun laws.,"[-0.36408147  0.5375783  -0.6175411  ... -0.28971586 -1.2154101
  0.33927903]",0,0,0,0,0
"The Best Sex Toys For Lesbians, According to a Lesbian","[-0.19127403  0.42116582 -0.22148195 ...  0.97076285 -0.54631495
  0.7287347 ]",0,0,0,0,0
"Inside China's Olympic Bubble: Sleeping Pods, Meals Served By Robots","[-0.58267    -0.20957062 -0.03726055 ... -0.17798446  0.67390156
 -0.7250144 ]",0,0,0,0,0
What a load.,"[-0.02882469  0.10454714 -0.28654483 ...  0.17604275  0.5535526
  0.8843255 ]",0,0,0,0,0
"get your resume ready yellin , with lefty nonsense like that, you will not be renewed","[-0.6501449   0.56217074  0.82738686 ...  0.00342791 -0.6668363
 -0.7859022 ]",0,0,0,0,0
'Bisexual men do exist' • The Tulane Hullabaloo,"[ 0.34767902 -0.14777775  0.65971965 ...  0.08698434 -0.93696994
 -0.00843859]",0,0,0,0,0
"CIVIL COMMENTS IS JUST LIKE RUSSIAN COMMENTS IN THEIR NEWSPAPERS 
YOU CAN ONLY SAY WHAT THE GOVERNMENT ALLOWS
NOT IN USA 
CIVIL COMMENTS LLC IN PORTLAND OREGON IS A DOMESTIC TERRORIST GROUP!!","[-0.80200136  0.72510815 -0.11870325 ... -0.4019674  -0.45453542
  0.1015244 ]",0,0,0,0,0
"Google keywords: ""assad torture children""","[ 0.23313656  0.78872585 -0.14835168 ... -0.36400002 -1.1147537
 -0.11990054]",0,0,0,0,0
Vampire finches: how little birds in the Galápagos evolved to drink blood,[ 0.4241113  1.031101  -0.3942775 ...  1.1698124 -0.3532866  0.622846 ],0,0,0,0,0
Negro Leagues had their own two-way stars,"[-0.13410611  0.3373405   0.25400874 ... -0.9810789  -0.38278803
 -1.2482691 ]",0,0,0,0,0
Pam & Tommy: Talking Penis Scene Shocks Viewers,"[-0.09019779  0.7211098   0.9911641  ...  0.06202172 -2.0696027
  2.0834363 ]",0,0,0,0,0
And you are a spiteful belligerent prickholder,"[-1.1302036   1.0882559   0.02737124 ...  0.19431324 -0.95954037
 -0.26152492]",0,0,0,0,0
Kristen Stewart and Margot Robbie together have inifinite queer energy,"[ 0.02187407  1.6310945  -0.70204407 ...  0.89043474 -0.7813848
 -0.67344314]",0,0,0,0,0
The Internet Is Coming for Gina Rodriguez for Using the N-Word & Non-Black Latinos Need to Be Listening,"[ 0.21631828  0.46324703  0.6856317  ... -0.77168876 -0.7451911
  0.3072764 ]",0,0,0,0,0
"Pastor says he doesn't hate gay people, he just thinks they're all pedophiles who should be executed","[ 0.617706    0.46406648  0.16425736 ... -0.45924172 -0.68781656
  1.2442836 ]",0,0,0,0,0
Texas Fire Captain Suspended for Exposing 'Penis Ring' to Fast Food Worker,"[ 0.46659628  0.3626065   0.29024637 ...  0.14557277 -0.2742736
  0.9329913 ]",0,0,0,0,0
How an Erectile Dysfunction Ring Can Help Erectile Dysfunction,"[ 0.7695336   0.6081973   0.63395107 ...  0.46891358 -1.834755
 -0.43579328]",0,0,0,0,0
"Art Shell was modern NFL's first Black head coach, 33 years before Flores firing","[ 0.04481114 -0.5352648  -0.14306073 ... -0.72962725 -1.7781578
  1.3384016 ]",0,0,0,0,0
What a sad sad waste of the tax payers money.,"[-0.55026305  1.248186    0.07078909 ... -1.1900517  -0.01922046
 -0.19519211]",0,0,0,0,0
"Max Sword,  you need to go.","[ 0.43269613  0.06467148  0.933881   ...  1.2962931  -0.21225452
 -0.4063234 ]",0,0,0,0,1
On what planet is that a homophobic comment?,"[-0.48148403  0.33313283  0.6909631  ...  0.5134316  -1.5002972
  0.817301  ]",0,0,0,0,0
The whole point of the senate is to not be elected so they are not under any pressure to pander to the public.,"[-0.5819003  -0.09179789  0.49412835 ...  0.05949799  0.26099038
  0.527456  ]",0,0,0,0,0
Judges sentencing drug addicts to minimum sentences e.g.,"[-0.52641815  0.2599146  -0.10167936 ...  0.05774369 -0.3647873
 -0.18274054]",0,0,0,0,0
"Man Hurls Anti-LGBTQ Slurs, Threats at Gay Couple's Home in Staten Island – Gay City News","[ 0.3912475   0.12408485 -0.01678637 ...  0.13599928 -2.0489743
  0.6008113 ]",0,0,0,0,0
Doctors warn men to get COVID vaccination: 'Do it for your penis',"[ 0.8963416   0.4421518   0.79501194 ... -0.37378252 -0.4738928
  0.09309894]",0,0,0,0,0
Sex Story: The Start-Up Exec Having a Sexual Awakening,"[ 0.793009    0.7538485  -0.16796908 ...  0.5761457  -1.5873089
  0.83959997]",0,0,0,0,0
Fairytale of New York: 'Faggot' row that became our worst festive tradition,"[ 0.71323705  0.7933584   0.10541174 ... -0.14140113  0.7006399
 -0.04341264]",0,0,0,0,0
"""Shush the woman, then watch her roar""

In Hillary's case it should read ""defeat the woman, then watch her complain"".","[-0.43272415  0.4559595   0.24007851 ...  0.11595272 -0.4740633
  0.0291438 ]",0,0,1,0,0
Oh pity the poor soul who has to sit between a married couple who are arguing.,"[-0.5129153  -0.07582516 -0.6559689  ...  0.01022518 -1.6746359
  1.0953342 ]",0,0,0,0,0
"Green's claim of ""false and misleading attacks"" is much like trump's claim of all news he doesn't like being ""fake news.""","[-0.97332036 -0.0072025   0.36939704 ... -1.5078408   0.60320026
  0.9094954 ]",0,0,0,0,0
why the stupidity?,"[-0.57961416  0.39971587  0.88848764 ... -0.7924815  -1.2811604
  1.1874655 ]",0,0,0,0,0
Peter Gay: Random thoughts on a snow-filled afternoon,"[-0.43788594  0.16445208 -0.2671527  ... -0.00470402 -1.9118129
  0.977475  ]",0,0,0,0,0
And of course where men are under represented and shit on.,"[-0.65212154  0.50097406  0.86153775 ... -0.27505192 -0.5719269
  1.8283657 ]",0,0,0,1,0
Lauren London Trends After Some Men Grossly Body Shame Her In New Flicks From Upcoming Netflix Comedy With Eddie Murphy & Nia Long,"[-0.75937563  2.1908512   1.3344492  ...  0.9747639  -1.5225816
  0.8046561 ]",0,0,0,0,0
Slipknot Vocalist Tears Apart Machine Gun Kelly Calls Him a 'Weird Substitute Teacher' for Switching Genres,"[-1.0977561   1.4556601   0.74792707 ... -0.36830646 -2.3023748
  0.72914004]",0,0,0,0,0
This is how you deal with a bully.,"[-0.09464823 -0.36273056 -0.6260698  ... -0.6129852  -1.8896581
  0.48246574]",0,0,1,0,0
"Antisemitism affects our LGBTQ community, too","[-0.46839088  0.19341803 -0.25313088 ...  0.35671252 -1.1234334
  1.083243  ]",0,0,0,0,0
Screw the union-led Young Brothers LTD!,"[ 0.40400586  0.7103345   0.38446778 ... -0.49707973 -1.4084878
  1.046229  ]",1,0,0,0,0
Florida’s Andrew Gillum on Ron DeSantis: “racists believe he’s a racist”,"[-0.98953533  0.88022655 -0.07762589 ... -0.4541188  -1.1666014
  0.5426567 ]",0,0,0,0,0
"As Hindu Extremists Call for Killing of Muslims, India’s Leaders Keep Silent","[-0.65116286 -0.07976541  0.11251684 ...  0.29153875 -1.3407986
  0.3696969 ]",0,0,0,0,0
Cyber-bully a child until they commit suicide?,"[-0.82571995  1.2403616   0.526388   ...  0.00514494 -0.66150284
  0.3512774 ]",0,0,0,0,0
'Gaydar' or 'wishdar'? The danger in obsessing over Shawn Mendes' sexuality,"[-0.05410592  1.35121    -0.25743356 ...  0.42188668 -0.45240793
 -0.07258648]",1,0,1,0,0
60 Percent of Men Apparently Wash Their Penises Wrong,"[ 0.25636578  0.3778182   1.2205857  ...  0.02694262 -0.7050169
 -0.3677174 ]",0,0,0,0,0
Man dies after he was injured by rooster during illegal cockfight in Bengal,"[-0.10477425  0.444225    0.21313506 ... -0.96081865 -1.3008447
 -0.2333992 ]",0,0,0,0,0
Hockey fans brutally punch & kick gay man outside of arena after game,"[-0.34749383  0.24722643  0.48155203 ... -0.46156898 -1.6623505
 -0.3989305 ]",0,0,1,0,0
22 Best Lesbian and Bisexual Shows - Queer TV Shows to Stream,"[ 0.5236381   0.43823096  0.7534584  ...  0.53683543 -0.16660878
  0.7298215 ]",0,0,1,0,0
Sex While Wearing Blindfolds: Everything You Need to Know! -,"[ 0.7802841   0.5045189  -0.17711604 ...  0.29456183 -0.89768255
  0.6496155 ]",0,0,0,0,0
The sheer incompetence of the Trump administration is stunning.,"[ 0.37247244  1.0200918  -0.01545896 ... -1.3105623  -0.18966894
  2.004492  ]",0,0,0,0,0
"PRP, scum of the earth.","[-0.9173761   0.04626676  0.6264655  ...  0.00668063 -0.20040797
 -0.04382899]",0,0,0,0,0
New Destructoid Episode: From Dust To Boobies,"[-0.30966228  0.5950668   0.76791793 ...  0.5234247  -0.888428
  0.27905396]",0,0,0,1,1
Jack and the bean block: Man gets six kidney beans stuck in penis while trying to 'express' himself,"[-0.1376185   0.4587306   0.04221323 ...  0.03934157 -2.592013
  0.67181313]",1,1,1,1,0
The Tiff Over Samantha Bee Has Made C*nts of Us All,"[-1.5576248  -0.32170573  0.87990546 ... -0.04721528 -1.4648718
  0.99636567]",0,0,0,0,0
Maybe it is you that is wrong.,"[-0.86215603  0.3637643   0.25151232 ...  0.06133716 -1.3114941
  1.284079  ]",0,0,0,0,0
Violent businessman flew into rage when partner refused to wear jewellery during six month campaign of abuse,"[-0.06641649  0.5289274   0.06567129 ...  0.18049149 -0.878574
  0.6117988 ]",0,0,0,0,0
Billy Porter: ‘Come and get me. I’m done being afraid for just existing on the planet’,"[-0.29316732  0.7874705   0.05138143 ...  0.11981349  0.9059893
  0.8404298 ]",0,0,0,0,0
"The Queer Opposition to Pete Buttigieg, Explained","[ 0.12215459 -0.621923    0.0451614  ... -0.32840234 -0.32107162
  0.3848429 ]",0,0,0,0,0
Is Penis Size Genetic?,"[ 0.5259985   0.0223994   0.37120324 ...  0.44622806 -0.8272277
  0.44703048]",0,0,0,0,0
Transgender woman defends use of 'faggot' in Fairytale Of New York,"[ 0.3003962   1.4874427   0.09771577 ... -0.13220558  0.18499501
  0.52307385]",0,0,0,0,0
"Massive cuts in social spending including wholesale reduction in salaries and benefits for that most entitled of workers in Ontario, the public sector worker is what's coming for this formerly prosperous now moribund province.","[-0.636618    1.1487983   0.35172758 ... -0.28526488 -0.3873703
 -0.7104883 ]",0,0,0,0,0
Violence and the Human Rights of Transgender People in the United States | HRW,"[-0.5990342   0.6944107  -0.19297759 ...  0.33782068 -0.30977198
  0.20625761]",1,0,0,1,0
"Behold, the Fine Art of the Lesbian Thirst Trap","[ 0.04825722  0.29809347 -0.11642456 ...  0.8900459  -1.9960954
  0.2902303 ]",0,0,0,0,0
Opinion | Schools are banning my book. But queer kids need queer stories.,"[-0.03354681  0.33711308  0.26970226 ...  0.02640632 -2.0856485
  0.55205125]",0,0,0,0,0
This Gay Man Escaped From Afghanistan. America Has Abandoned Him in a 'Terrifying' Limbo.,"[-0.5155244  -0.4738913  -0.07793549 ... -0.30011904 -0.7418352
  1.19735   ]",0,0,0,0,0
Lauren Brant jokes that husband Barry Hall 'loves her boobies',"[-0.40437716  1.0029254  -0.31632563 ... -0.20972674 -0.9556233
  1.0329967 ]",0,0,0,0,0
people behaving badly.,"[-0.28260317  0.884326    1.3676115  ... -0.29373038 -0.69232655
  0.43975553]",0,0,0,0,0
I am a conservative through and through...and I would never vote for this whack job.,"[-0.7366638  -0.34165126 -0.5232315  ... -0.58124     0.07539968
 -0.30895212]",0,0,0,0,0
Go ahead and vote no.,"[-0.41740793 -0.61358243  0.6450238  ...  0.65021545 -0.92081773
 -0.20697801]",0,0,0,0,0
Bi-Bi Love,"[ 0.12914865  0.11361927 -0.12305669 ...  0.23546624  0.41151068
  0.08995243]",0,0,0,0,0
All Time Low Sue To ‘Prove’ Sex Abuse Allegations are ‘False’,"[-0.4191825   0.5826647  -0.00343227 ...  0.19078992 -0.39766848
  1.781044  ]",0,0,0,0,0
Office DJ: Music I put away when my mother's in town,"[-0.76505333 -0.7620394  -0.32774103 ... -0.3025931   0.49490294
  1.350975  ]",0,0,0,0,0
"I think so too and trade deals with Asia are only going to make animal suffering worse, through live export.","[-0.10720734  1.253171    0.00418932 ...  0.41183418 -1.0081495
 -0.5082757 ]",0,0,0,0,0
"I went to bed thinking, good for the Oilers: now it's good for the Ducks!","[-1.1378641   0.1977335  -0.84069085 ...  0.10754014 -1.212398
  0.18741475]",0,0,0,0,0
Christy Clarke has been one of the most financially irresponsible premiers in BC history.,"[-0.04528891  1.575489    0.05902356 ... -0.46110207  0.18799353
 -0.03606084]",0,0,0,1,0
Trump's problem is called metacognitive deficit.,"[-0.6281607   0.33925024 -0.2319073  ... -1.7896916   0.01436316
  1.4654669 ]",0,0,0,0,0
"Thats not an accomplishment, that's a wrecking ball.","[-0.63437486  0.59953004  0.25557742 ... -1.5294232  -1.2889562
  0.68899226]",0,0,0,0,0
"More of a carnival barker than any honest broker 

Trump in a pantsuit.","[-1.0425918   0.6961467   0.3452183  ... -0.6870397  -0.9243009
  0.07407741]",0,0,0,0,0
THE BIG READ: Abhorrent and Inhumane. So why has a ban on gay conversion therapy in Scotland still not happened?,"[ 0.26710424  0.3972261   0.33293402 ...  0.3465149  -0.7941146
  0.42577127]",0,0,0,0,0
OMG!,"[-0.6772358  -0.34718528  0.2321206  ... -0.47672853  0.25841936
  0.94160557]",0,0,0,0,0
Kodak Black Responds to People Calling Him Ugly,"[-1.7811595   0.03144707  0.6646717  ... -0.3711629  -1.868845
 -0.47499466]",0,0,0,0,0
"What a sappy, hand-wringing piece of whining.","[-0.0450111   0.20618613  0.01057234 ...  1.2515163  -0.08059867
 -0.02142029]",1,0,0,0,0
the same hypocrites who cry about trump to make excuses for hillary never seam to make the same gender bs accusations when a GOP woman loses!,"[-1.440563   -0.04408089 -0.03089692 ... -1.0366248   0.07994397
  0.5665291 ]",0,0,0,0,0
I gave my husband a threesome — and then I left him for a woman,"[ 0.94831467 -0.00321612  0.28837973 ...  0.65761364 -0.622791
  0.4329429 ]",0,0,0,0,0
"NLE Choppa Practices Semen Retention, Says Ejaculating Is Equivalent to Running Eight Miles","[-0.8531377  -0.49798927 -0.66446173 ... -0.91923827 -0.04979056
  0.84807706]",0,0,0,0,0
"Dear Dave Chappelle, transgender comedians can take a joke, but why are yours so unfunny?","[-0.8173169   1.0699333  -0.09748697 ... -0.42196792 -2.024258
  0.21732691]",0,0,0,0,0
"Jeopardy's Mike Richards's History of Gross, Sexist Comments","[-1.0071301   0.9975292   0.25455454 ... -0.3167319  -1.7740841
  0.8709019 ]",0,0,0,0,0
"I'm bisexual, here's what it means and what it doesn't","[-0.03334364 -0.0158539   0.6968443  ...  0.83825386 -0.9302578
 -0.43439308]",0,0,0,0,0
Bowling for Boobies raises thousands of dollars,"[-1.6857499   0.6656201  -0.01677923 ...  0.11328515 -1.5469154
 -0.42273334]",0,0,1,0,0
Nardo Wick - Who Want Smoke?? (Remix) lyrics,"[-0.46791446  1.5074301   0.37383083 ...  0.8317388   0.24999699
 -0.04444987]",0,0,0,0,0
And pigs will fly.................,"[ 0.0409869  -0.09623546  0.03317804 ...  0.3630368   0.08747791
  0.29171053]",0,0,0,0,0
New Zealand man threatened with prosecution over penis pothole drawings,"[ 1.2365364   0.77131766  0.6966278  ... -0.43128267 -1.5874522
  1.1766431 ]",0,0,0,0,0
"Intelligence agencies get hacked too, buddy!","[ 0.01392858  0.34106797 -0.13192548 ... -0.55455583 -0.7759342
  0.89255416]",0,0,1,0,0
"Telling Numbers: Bottles, bags and other plastic packages South Asians consume","[-0.48624235  0.40984878  0.40025702 ... -0.24234717 -0.3948859
 -0.4781878 ]",0,0,0,0,0
"from the article: ""So, then, it's going to be a federal offense,"" another agent quickly chimed in, ""and you and your wife will be in jail and your kids will be -.""","[ 0.97316915  0.15665272  0.23763536 ...  0.74038297 -0.7364771
  1.1871499 ]",0,0,0,0,0
Navy LB Diego Fagot had no idea he'd get the snap on incredible fake punt conversion,"[ 0.10289679  0.6476955   0.06937812 ... -0.60097843  0.9011534
  1.0685818 ]",0,0,0,0,0
"And then there's rail, and Chief Kealoha, and the kanaka maoli trespassing on Mauna Kea, and, and, and the neighbor's rooster that wakes me up every gaw dam morning and one of these days he's gonna get his gaw dam neck wrung!","[-0.01536177 -0.3034026  -0.6913683  ... -0.27199826 -2.2823317
  0.63607454]",0,0,0,0,1
Call for mandatory bans after Stoinis fined over homophobic slur,"[-0.13459238 -0.43310374  0.6902808  ...  0.82725525 -0.36969325
  0.50880396]",0,0,0,0,0
Quit wasting time on this thing!,"[-0.8901716  -1.2191702   0.66009164 ... -0.04946036 -0.08262129
  0.67566365]",0,0,0,0,0
Three Georgia men charged with hate crimes in Ahmaud Arbery death,"[ 0.37352002  0.8396185   0.5730014  ... -0.22714847 -1.5685549
  0.08873497]",0,0,0,0,0
Wah wah wah.,"[-0.18150319 -0.40114462 -0.18494143 ...  0.599233   -0.7323208
 -0.30500242]",0,0,0,0,0
"Dude you guys, this is how invasive species start.","[ 1.0443124   0.40250048  0.01469822 ...  0.3480125  -1.5079974
  1.2926519 ]",0,0,0,0,0
"Who Is America: Georgia lawmaker Jason Spencer yells racial slurs in ""anti-terrorism"" video.","[-0.7136172   0.37909538  1.2061394  ... -0.9050697  -2.1254556
  0.8628174 ]",0,0,0,0,0
Health officials issue warning over an 'extremely antibiotic-resistant' bug mainly affecting gay men,"[ 0.12413786 -0.29651678 -0.3495123  ...  0.62497    -0.1541266
  0.26587796]",0,0,0,0,0
"Atlanta gay, bisexual men needed for federal blood donor study","[ 0.5119952   1.0279026  -0.03869244 ...  0.06044149  0.3600759
  0.31179157]",0,0,0,0,0
more mumps to come with the illegals coming in to this sanctuary state thanks to the looney tunes who run our state.,"[-0.88136446  1.0742095   0.3166273  ... -0.67342675  0.44018406
  0.86174256]",0,0,0,0,0
Manu Minute: The Boobies of Hawai'i,"[-0.66547143 -0.1405085   0.33488497 ...  0.6805357  -1.1976864
  0.46740702]",0,0,0,0,0
Find their sex icky?,"[-0.29897514  0.04526196  0.79280955 ...  0.8023274  -0.6369686
 -0.4593664 ]",0,0,0,0,0
Tennis Player Holger Rune Yells Gay Slurs During Match,"[-0.5486426  -0.02223214 -0.12351365 ...  0.4739261  -1.7410014
  0.50151724]",0,0,0,0,0
You've got to be kidding.,"[-1.3559201   0.9996489   0.6604786  ... -0.5428569  -0.20394519
  0.41582066]",0,0,0,0,0
Oscar Isaac Put His ‘C*ck Sock’ in Denis Villeneuve’s Pocket on ‘Dune’ Set,"[-0.1633362  -1.5414852  -0.18709849 ... -1.9796188  -0.09246714
  0.48748708]",0,0,0,1,0
"What Is Bisexuality? Plus, How to Know If You're Bi | Shape","[ 1.0333241   0.3983732   1.1560745  ...  0.62678254 -0.2932335
  0.23116912]",0,0,1,0,0
"Birdman: Drake Richest Rapper, NBA YoungBoy Biggest Rapper - XXL","[-0.62461394  0.9937065   0.74014723 ...  0.4170021  -1.2297361
  0.1253917 ]",0,0,0,1,0
You guys are funny...,"[-1.3858563   1.1366892   0.14098969 ... -0.03998233 -1.9473301
  0.47404578]",0,0,0,0,0
I'm not a fan of Trump as I believe he's an A-Hole but it seems to me that this type of censorship must be a violation of FCC rules.,"[-1.0076048   0.20362256 -0.05869479 ... -0.18621884 -0.6748597
  1.0935845 ]",0,0,0,0,0
If I see any snake it is a dead snake period.,"[-0.15421776  0.30143055 -0.14187828 ...  0.01141399 -0.1743425
 -0.5041356 ]",0,0,0,0,0
"“The real problem is the head clown in the white house has told the immigration and border people they are free to be as abusive as they choose.”

Where “abusive” means simply enforcing existing laws.","[-0.28434315  0.97612137 -0.06274983 ... -0.08878487 -1.1741393
  0.24079213]",0,0,0,0,0
'My career-ending injury was a beautiful nightmare' - Thomas Beattie on how he finally accepted himself as gay,"[-0.86352897  0.8513494  -0.9411922  ...  0.79770654 -1.4689554
  1.2512176 ]",0,0,0,0,0
roy oliver deserves to be prosecuted for murder.,"[-0.62869436  1.4818004  -0.42385292 ... -0.9731329  -1.3194247
 -0.24279249]",0,0,0,0,0
"You go, kids!","[ 0.71880245 -1.0735725   0.24205004 ... -0.64891714 -0.882928
  0.85642993]",0,0,0,0,0
"here is another example of fake news on april 28th the LA times printed an AP report about a 86 year old woman died after being beat up by a man, that's all they said but the real news in the Sacramento news letter and reported on CBS Sacramento two women an 86 year old Japanese American and a 61 year were walking the track in highlands park when the 86 year old woman heard the 61 year old woman crying for help because the man was raping her the 86 year old turned around to come to her aid and the man raped her an beat her up and she died, the 18 year old was arrested  and also is a person of intrest in two other sexual assults on elderly women of course since he is an African American we cannot report that as news if it was a white guy who did that to an African American it would all over the news that's why very fake news by the AP.","[ 0.8889922   0.93588394 -0.20220907 ...  0.8522314  -0.53406656
  0.7878976 ]",0,0,0,0,0
Bernie Sanders and Hilary Clinton were trying to be President and failed miserably.,"[-0.22525133  0.4934392  -0.28518537 ... -0.807698   -1.1897396
  0.85279983]",0,0,0,0,0
Best Mattress Reddit Australia at Best,"[-0.10623032  0.4589548  -0.80799836 ...  0.3748127   0.14100447
 -0.10834799]",0,0,0,0,0
"like ignorant sheep ,, you dont get it at all, i dont support either the corrupt libs or the anti economy ndp,, but there is no way anyone will win otherwise so its hold your nose and go with the corrupt that will at least keep the economy moving.","[-1.0723865   1.6659251   0.11993942 ...  0.24899824  0.07213788
  0.27416685]",0,0,0,0,0
"When it comes to Trump, a whole lot of nothing is better than a whole lot of something.","[-0.9571606   0.37662333 -0.45116767 ... -1.1004313  -1.0765916
  0.9347309 ]",0,0,0,0,0
funny to you because you like Islamic jihadist infiltrating our colleges and schools and teaching our kids how to hate America I guess you hate America to.,"[-1.1772311   0.51904017  0.36103195 ... -0.3542529  -1.0833037
  0.32633147]",0,0,0,0,0
What did you expect just like Trump and all his friends.,"[-0.21735899  0.49625832  0.367552   ... -1.1631521  -1.1139184
  1.833026  ]",0,0,0,0,0
"Evidently not hard way enough to stop stupidity, shootings and loss of their lives.","[-0.55711097  0.49515    -0.3068367  ... -0.41050053 -0.7782459
  1.1628977 ]",0,0,0,0,0
"The Black middle class needs political attention, too","[-0.8872559   0.2639012   0.7441385  ... -0.64736676 -0.676466
 -0.22032519]",0,0,0,0,0
Comments for Disney Bans Guest For Life After Police Escort Him Off Property For Foul Behavior,"[-0.5195133  -0.43992704  0.62067527 ...  0.5088506  -0.5362962
  0.6341166 ]",0,0,0,0,0
Why Are My Breasts Uneven?,"[-0.9346942   0.7490201   0.05545475 ... -0.03076183 -0.60638976
  0.47387683]",0,0,0,0,0
Opinion | My Gay Retort to All the Grimness,"[-5.8647120e-01  8.6383119e-02  2.8346054e-04 ...  5.7829148e-01
 -1.8187106e+00 -3.3640856e-01]",0,0,0,0,1
"Maia Kobabe's ""Gender Queer"" is targeted by conservative Texas politicians","[-0.63829327  1.367377    0.04129289 ... -0.6187419  -1.055113
 -0.11769601]",0,0,0,0,0
"Haha, your ignorance on the subject is hilarious.","[-0.5734122   0.815472    0.50012964 ... -0.87213093 -1.9407382
  1.2517757 ]",0,0,0,0,0
Deadnaming and misgendering of trans people puts trans lives at risk,[0.6117826  1.6489993  0.5485615  ... 0.7488148  0.01274144 1.2639502 ],0,0,0,0,0
Kodak Black Addresses Video Where He Grabs His Mother's Butt,"[-1.1865346   0.02309545  0.6068077  ... -0.5521843  -2.1694539
  1.3246255 ]",0,0,0,0,0
"17 ""The Bisexual Urge To..."" Tweets That Made The Bisexual In Me Go ""That's Me""","[-0.82042104  0.5766993   0.18106717 ...  0.71249175 -0.5378209
  0.6031654 ]",0,0,0,0,0
"Texas teacher who was penalized for being gay wins $100,000 in settlement","[ 1.0285789   0.19347575 -1.2671089  ...  0.2810457  -0.13318238
  0.05888376]",0,0,0,0,0
Bisexual - How to know if you're bisexual,"[ 0.36668614  1.0517603   1.3103353  ...  0.35876778 -0.9076111
  0.30837896]",0,0,0,0,0
"Why Do Men Use The Word ""Fag?""","[-0.01322647  0.9856508   2.0551863  ... -0.2923672  -0.05995697
  0.7431088 ]",0,0,0,0,0
"You do demean,marginalize,dismiss those who disagree with you, sure it's your right.","[-1.2784245  -0.41172534  0.7671617  ...  0.90621126 -0.18001224
  0.28368154]",0,0,0,0,0
"If I got a dollar every time someone was quoted in the G&M saying, ""be wary of Canadian banks stocks"" (or words to that effect), I'd be a multi-millionaire earning a nice income off the dividends paid by Canadian banks.","[-0.23254211  1.1422318   0.45397896 ... -0.68407923 -1.1296089
 -1.1441412 ]",0,0,0,0,0
You All Had A Series Of Fascinating Thoughts About The Phrase “Dog C*nt” After Tonight’s ‘Bachie’,"[-0.52919316  0.66453725 -0.0279058  ...  0.05613976 -2.1658905
  1.0868503 ]",0,0,0,0,0
Is Arizona's Kyrsten Sinema bad for bisexual Americans?,"[-1.0348426   1.1491394   0.21223713 ... -0.31232747 -0.1171902
  0.93958503]",0,0,0,0,0
"This Gay X-Man Is Getting the Cute, Queer Prom of His Dreams","[ 2.0839274  -0.24125203 -0.5956787  ...  0.5462888  -1.38965
  0.29840323]",0,0,0,0,0
Golfer Justin Thomas’ apology for anti-gay slur falls short,"[-0.02127269  0.6523631  -0.6163758  ...  0.41968903 -0.8329032
  0.8283734 ]",0,0,0,1,0
"BEAT CIVIL COMMENTS UP THEY ARE WHAT IS WRONG WITH THIS COUNTRY 
IF YOUR NOT POLITICALLY CORRECT
 NO FREE SPEECH FOR YOU!!!!","[-0.87180746 -0.3788311   0.5954155  ...  0.05388561 -0.86371195
  0.19090414]",0,0,0,0,0
Another Trumphobic snowflake outs himself.,"[ 0.8042515   0.50487477 -0.46231797 ... -0.93032527  0.4059466
  1.1473621 ]",0,0,0,0,0
Bisexual FAQ - HRC,"[ 0.3627476  -0.06677422  0.4476441  ...  0.11118717 -0.69764584
  0.38119444]",0,0,0,0,0
Words don't cause suicide.,"[ 1.3670567e-03 -6.3189733e-01 -8.4983297e-02 ... -6.1235249e-01
 -1.5145656e+00  5.6192112e-01]",0,0,0,0,0
"Resist, insist, persist, enlist': ...cover up for, lie for and protect an ambitious  "" rapist""...misogyny indeed

as for a geo-political rival trying to sway an election by saying boo, look at this to the electorate...I'm shocked, I truly am, I think it's always more honest to just organize a coup or a simple invasion regarding the national ambitions of rival states 

and just for the record...“I take absolute personal responsibility"" usually gets followed by...I screwed up...","[-0.5432144   0.23688802 -0.5109678  ...  0.08888772 -0.84795755
  0.8419707 ]",0,0,0,0,0
Sex is a Nigga’s game,"[-0.07816225  0.15696675  0.5328506  ... -0.54267114  1.4511698
  0.07581443]",0,0,0,0,0
The only way Comey will ever salvage his reputation is if he brings down Trump and his cronies for treason.,[-1.2442628  1.7469007  0.3560148 ... -1.0873038 -1.1342304  0.7572659],0,0,0,0,0
Where do you get off from being such an a**,"[-1.5744838  -0.4825986   0.9383106  ... -0.2338938  -0.8175532
  0.24533433]",0,0,0,0,0
'Orange is the New Black': Check out the show's weirdest sex scenes ever – Film Daily,"[ 0.14006607 -0.24261442 -0.01053232 ... -0.64533174 -1.423664
  1.3408335 ]",0,0,0,0,0
If this snake was out last night it's dead.,"[ 0.14516822  0.14272062 -0.3401416  ...  0.39979663 -0.04794174
 -0.22106625]",0,0,1,0,0
What an astonishingly ignorant man Trump is.,"[-0.15767281  0.8869323   0.5471353  ... -1.9701504  -0.28809875
  2.41861   ]",0,0,0,0,0
HAHAHAHA!!!!,"[-0.6224417  -0.6868507   0.03391994 ... -0.6722243  -0.89564115
  0.31007978]",0,0,0,0,0
Fanny's faggots haven't gone down well after Google bans advert,"[-0.18764843  0.97187245  0.8342632  ... -0.04446185  1.0096676
  0.36200005]",0,0,0,0,0
Enter the world of Diet Paratha's South Asia-drenched culturescape,"[ 0.14527793  1.0999593  -0.4553938  ...  1.2025882  -1.2163758
  0.10724476]",0,0,0,0,0
Super Specific | How the queer community found solace in Venom,"[-0.0585434  -0.24180081 -0.6979221  ...  1.3941394  -0.49934524
  0.00636945]",1,0,1,0,0
Smokey Joe Williams,"[ 0.44975814  1.0860608  -0.23146336 ... -0.05381909  0.8142973
 -0.28303066]",0,0,0,0,0
"If you’re thirsty for virtual boobies but broke, the free-to-play version of DOAX 3 is out now","[-0.72577703  0.24420795  0.4790917  ...  0.50711477 -0.7530596
 -1.0583438 ]",0,0,0,0,0
Logic - just another tool of the male oppressor - how dare you!,"[-0.9094666   0.6066955   1.0971209  ... -0.8880495  -0.33135402
  1.3974055 ]",0,0,0,1,0
"Has anybody thought about running this guy, Fang, out of town?","[-0.39729598 -0.4849856   1.1314939  ... -0.8024283  -0.67799467
 -0.18439259]",0,0,0,0,0
Faggots and peas advert banned by Google for ‘inappropriate and offensive content’,"[-0.5635388  -0.59921736  0.800861   ... -0.08675805  1.2419742
  0.5380931 ]",0,0,0,0,0
"I'm curious why you say ""fake news""?","[-0.3450775   0.35460058  0.90498    ... -0.816823   -0.16957264
  1.3729025 ]",0,0,0,0,0
"If Your Penis-Having Partner Can Feel Your IUD, Try This","[ 1.0050242   0.1149655   0.67530704 ...  0.5553028  -1.3457489
  0.25306362]",0,0,0,0,0
"Feds are going to waste millions of dollars on this and any resulting court cases, which will take years and go to SCOTUS.","[-0.30847174  1.100254   -0.03765254 ... -0.7297942   0.6938788
 -0.36489168]",0,0,0,0,0
Bowling for Boobies raises thousands of dollars,"[-1.6857499   0.6656201  -0.01677923 ...  0.11328515 -1.5469154
 -0.42273334]",0,0,0,0,0
People Call Out Boosie Badazz for His Latest Homophobic Rant About Lil Nas X,"[-0.76185876  0.8072368   0.43992665 ... -0.08821476 -1.5978295
  1.1235445 ]",0,0,0,0,0
Unfortunately that is what happens when you become an addict!,"[ 0.0355689   1.0905344   0.10024624 ...  0.47635534 -0.1277908
  0.5695244 ]",0,0,0,0,0
"""She will almost certainly be criticized as a cash-hungry monster by people who do not realize that writing books is precisely the wrong way to get rich.""","[-0.62466115  1.4629297   0.5069766  ... -0.09579504 -0.40353978
 -0.03281243]",0,0,0,0,0
"Unions and Liberals, right out of the Wynne/Butts playbook","[-0.40314364  0.74975705  1.0129509  ... -0.13726598 -0.8188625
  0.222244  ]",0,0,0,0,0
Drake – You Only Live Twice Lyrics,"[-0.5254022   0.33488125 -0.06909225 ...  0.61433417  0.29531547
 -0.23936418]",0,0,0,0,0
'Still Processing' Talks The N-Word: The Most Offensive Word in the English Language,"[-0.6350975   0.91698074  0.45581555 ... -0.17885439  0.03263889
  1.1472297 ]",0,0,0,0,0
"Worse, in a province where some people are paying a combined provincial and federal tax rate of 54% to fund the Infrastructure Bank, the Liberals have the audacity to run these meetings at the Shangri-la hotel.","[-0.25688577  1.733902    0.02722187 ... -0.03205604 -1.7981163
 -1.2234511 ]",0,0,0,0,0
"Man defaces messages of support for LGBTQ+ students at BYU, uses homophobic slur","[-0.06162499  0.56987625  1.0870429  ... -0.16893865 -1.6785811
 -0.01717981]",0,0,0,0,0
Slott is literally a paid shill for the fluoride industry.,"[-0.4325965   1.8047564   0.50945276 ... -0.07427725  0.46637362
 -0.6739597 ]",0,0,0,0,0
"Pansexual, bisexual, and fluid celebs explain their sexuality | CafeMom.com","[ 1.0408547   1.1281221   0.33824578 ... -0.5915371  -1.595214
  1.0193827 ]",0,0,0,0,0
Kellie gets my vote every time!,"[-0.04247637 -0.8488086  -0.36927643 ...  0.48502678 -0.03397667
 -0.63351554]",0,0,0,0,0
"slink, to satisfy others use the term ,rich white republican old men.","[-0.93861836  0.5247275  -0.01495415 ... -0.34506455 -1.4716077
  0.14915384]",0,0,0,0,0
"""Feel Your Boobies"" founder writes inspirational book","[-0.57419294  0.9465815  -0.38154528 ...  0.2031809  -1.2452672
  0.7315919 ]",0,0,0,0,0
are all paternos bad?,"[-0.7052326   0.8863662   0.577554   ... -0.19939424 -0.70460737
  0.46446434]",0,0,0,1,0
"On the Word ""Faggot""","[ 0.20388243  0.60370445  1.2181689  ... -0.5282272   0.41829777
  0.14716817]",0,0,0,0,0
And if you don't know how to bake a pie spend your time trying to convince everyone that pie is Cat egorically bad for you.,"[ 0.11828696  0.8432193  -0.16768217 ... -0.36655995 -0.03889385
  0.06676695]",0,0,0,0,0
Who cares?,"[-0.3042821  -0.86554843 -0.13853891 ...  0.19815938  0.38793784
  1.7141136 ]",0,0,0,0,0
"The same hypocrites who say HRC and supporters ""should just get over it - they lost"" are the same ones who likely cheer Donald Trump wasting millions in taxpayer dollars holding rallies that serve no other purpose than to feed his ego.",[-0.7648223  0.9931223  0.1767369 ... -0.1871476 -0.7875725  0.6797984],0,0,0,0,0
BC is floundering in debt.,"[-0.44707412  0.8895329   0.7930706  ... -0.44665605  0.00212635
 -0.19782797]",0,0,0,0,0
Carlton & Diamond's Fight on Netflix's Love Is Blind Was Devastating,"[ 0.35635912  0.9282578   0.18757798 ... -0.3665008  -1.1420057
  0.1459602 ]",0,0,0,0,0
Figures lie and liars figure.,"[-1.0026796   0.53489333  0.7000956  ... -0.79390496  0.06199414
  0.55829704]",0,0,0,0,0
Trump's Press Sec: He Called Me to Insist His Penis Wasn't Toadstool-Shaped,"[-0.12347813 -0.37909672  1.1176264  ... -1.2626681  -0.51516527
  0.4874135 ]",0,0,0,0,0
"Why no one loves Che Díaz, the most controversial character in ‘And Just Like That’","[-0.6702218  -0.39494887  0.3964785  ...  0.23819888 -1.5123234
  0.95008063]",0,0,0,0,0
Furia Marica - The Meaning Of 'Faggot' And LGBT Rights In Colombia,"[ 0.37391686  1.3795477   0.75019723 ... -0.48677978 -0.01420732
 -0.15439488]",0,0,0,0,0
Teenage catfish allegedly lure three gay men to a park before assaulting them,"[-0.02228982  1.4080428   0.3340293  ...  0.22596626 -2.3778467
  0.47460914]",0,0,0,0,0
Give me anxious and awkward over narcissistic bombast and certitude any day.,"[-0.13777418 -0.18586548 -0.18065472 ... -0.3098775  -0.97227234
  0.08849885]",0,0,0,0,0
Penis Pumps for Erectile Dysfunction (ED),"[ 1.1005707   0.14798361  0.831886   ... -0.16997199 -1.0025736
  0.11507937]",0,0,0,0,0
The Real Differences Between Bisexual and Pansexual,"[-0.00305269  0.14441225  0.437898   ...  0.47795883 -0.27001342
  0.1971508 ]",0,0,1,0,0
Disgraced Justin Thomas loses yet another sponsor over homophobic slur,"[-0.26774776  0.7761904   0.43279034 ...  0.5878715   0.09082551
  0.02467126]",0,0,0,0,0
Pam & Tommy gives Sebastian Stan a talking penis that needed 4 puppeteers,"[-1.0699782   0.29330346  0.70145524 ... -0.04363299 -2.2471147
  0.7158617 ]",0,0,0,0,0
YouTuber tricks British racist Katie Hopkins into accepting ‘C*NT’ award,"[-1.2546309   0.03675025 -0.28886768 ...  0.01393392 -1.6750935
  0.62203455]",0,0,0,0,0
"Dear straight people, stop singing the word 'faggot' in Fairytale of New York","[ 0.5573767   0.16478953  0.91527385 ... -0.10837974  0.651095
  0.15215632]",0,0,0,0,0
Mel you are a hoot.,"[-1.5836489   0.02591673  0.07686455 ...  0.0839583  -1.5996445
 -0.1472166 ]",0,0,0,0,0
Penis Enlargement Pills: Do They Work?,"[ 0.2525227   0.6048808   0.48365614 ...  0.43857202 -0.61434895
  0.35662723]",0,0,0,0,0
The cafe famous for its faggots which Google tried to ban for its 'offensive' name,"[-0.38231426  1.1070684   1.1569136  ... -0.42685562 -0.08626615
  0.36469015]",0,0,0,0,0
Woman tells court she threw herself over homeless chef as men took turns stamping on him,"[-0.15719205  1.5211844   0.10494491 ...  0.201397   -1.1078894
  0.32618362]",0,0,0,0,0
Why Are Abuses & Slang Words Always Directed At Women’s Genitals?,"[-0.616069    1.0427622   0.94813246 ...  0.2766578  -1.1374803
  0.79510164]",0,0,0,0,0
Let’s Talk About The Rumors Of Tom Felton Being Transphobic,[-0.876909   1.6548737  0.636064  ... -0.7236045 -1.0651791  0.879271 ],0,0,0,0,0
"Yes, Dolphins Have Lesbian Sex – INTO","[ 0.44463572  0.2930028  -0.34846056 ...  1.0245677  -0.31628004
  0.38073352]",0,0,0,0,0
That's because you don't want to pay taxes and the state hands oil companies bags of money.,"[-1.4845932   1.0659137   0.59870934 ... -0.28229353  0.00749278
 -0.39851096]",0,0,0,0,0
Boosie BadAzz Says He Has White Friends That Call Him N-Word,"[-1.7608378   0.5877099   0.39439783 ... -0.7325696  -1.8056281
  0.702338  ]",0,0,0,0,0
Why Did It Take Matt Damon's Daughter to Stop Him Calling Gay Men 'the F-Slur'?,"[-0.715944    0.62709266  0.64830977 ... -0.21592234 -0.81103355
  0.97351867]",0,0,0,0,0
"The airlines that fly between Hawaii and the US mainland are United, Delta, America, Hawaiian, Alaska and Virgin America.","[-0.43040988 -0.3960714  -1.4092063  ...  0.5050746  -1.2337971
 -0.4380607 ]",0,0,0,0,0
No queer person should face abuse I endured at College of the Ozarks,"[-0.09190442 -0.175582   -0.61172616 ... -1.1003067  -0.5480974
  0.37549233]",0,0,0,0,0
A leader of an Ohio Muslim organization was fired for spying for a hate group,"[-0.23751658 -0.7039759   0.7077885  ... -0.36678562 -0.3811569
  1.665348  ]",0,0,0,0,0
"Sounds like the idiot is trying to deflect blame away from his self for his ""remarks about Muslims, and gay, lesbian, bisexual and transgender Americans.""","[-0.7278451   0.5763937   0.40344593 ... -1.0254786  -0.13783425
  0.9370989 ]",0,0,0,0,0
"Oh, NBC, you blew it.","[-0.9113707   0.73589474  0.31972286 ... -1.0289587  -0.6389252
  0.567538  ]",0,0,0,0,0
Sounds like a HUGE waste of time and loads of money that could better be spent to eliminate Hunger and poverty.,"[ 0.08955728 -0.06540766  0.60621345 ...  0.12370317 -0.30628854
 -0.12908135]",0,0,0,0,0
You are kidding right?,"[-1.5177612   0.61699003  0.7354344  ... -0.7698665  -0.10498067
  0.7155921 ]",0,0,0,0,0
YoungBoy Never Broke Again – House Arrest Tingz,"[ 4.2657927e-01 -1.1997046e+00 -6.2175220e-01 ...  1.0835207e-03
 -1.3025002e+00  1.4101001e+00]",0,0,0,0,0
PUTTING THE BOO! IN BOOBIES: GRITTY IN PINK AND KEEP A BREAST ANNOUNCE HALLOWEEN SPECIAL,"[-1.3672972   0.6130838  -0.31113133 ...  0.39939472 -1.0690647
 -0.1075824 ]",0,0,0,0,0
Donald Wuerl in this photo is disgusting.,"[-0.13303328  1.4160014   0.5419461  ... -0.99310523  0.32145134
 -0.03714838]",0,0,0,0,0
Video: Florida high school students hurl homophobic slurs at LGBTQ students,"[-0.32713515  0.9993495   0.4512468  ...  0.22368261 -1.5971563
  0.02553573]",0,0,0,0,0
Reds broadcaster Thom Brennaman drops anti-gay slur,"[-1.0269682   0.6290397   0.74110925 ... -0.12230568 -1.0744119
 -0.14472574]",1,0,0,0,0
Dud and Low.,"[-0.6733633   0.05117029  0.6710915  ...  0.45779124 -0.3089574
  0.72001714]",0,0,0,0,0
"The cop and buddies sit around all day looking at kiddie porn and having it created to lure in dimwits, but they are immune.","[-0.76251006  0.67079425  0.3339902  ... -0.08718856 -1.7843205
  0.6178652 ]",0,0,0,0,0
"I suffered with a failed gall bladder fore years and was treated like a drug seeker, because 30 year old men don't have failing gall bladders.","[-1.032738    0.9657097  -0.15654421 ...  0.48273724 -1.312395
  0.7013501 ]",0,0,0,0,0
"Don't Say Gay Laws; Trans Rules; Queer Allegories; South Africa Drag; Ed White, BAFTA Noms: HOT LINK BUNDLE","[-0.02601383  0.05863855 -0.5473382  ... -0.02420707 -0.31675214
 -0.4831367 ]",0,0,0,0,0
Old discredited line.,"[-0.36936328 -0.25765675  0.52418214 ... -0.7158689  -0.28840613
  1.7189041 ]",0,0,0,0,0
fishermen are like contractors always greedy and telling false tales.,"[-1.7850279   1.584312    0.6173059  ... -0.36742547 -1.2245114
  0.7291944 ]",0,0,0,0,0
"Look after your boobies, you only have two","[-0.18341266  0.18976681 -0.16747108 ... -0.35222226  0.72459954
  1.0488223 ]",0,0,0,0,0
They are private sector businesses and are being asked to run ads that label their employees as liars.,"[-0.5902625   0.9237068   0.47619027 ...  0.00792788 -0.7141761
 -0.09182832]",0,0,0,0,0
White Hollywood's Romance with the N-Word,"[-0.44961265  0.1757099  -0.4287375  ... -0.40705284 -0.25429276
  1.1226853 ]",0,0,0,0,0
Man claiming to have 'world's largest penis' sick of being asked to whip it out,"[ 0.17807078  0.45146495  0.92522985 ...  0.17089579 -1.1324508
  1.589895  ]",0,0,0,0,0
Monte Irvin,"[-0.36619642  0.2625477   0.03491491 ... -0.6832814  -1.1442523
 -0.6219009 ]",0,0,0,0,0
"Man carved with knife in homophobic attack in Madrid, Spain","[ 0.5450287   0.33940846  0.23313071 ...  0.47957447 -1.8173324
  0.13174394]",0,0,0,0,0
I love it when you're angry.,"[-1.4165846   0.9601218   0.16762397 ...  0.3836145  -2.5337114
 -1.0472898 ]",0,0,0,0,0
"Dublin Bus ordered to pay passenger €7,500 over gay slur claims","[ 0.4460932   1.4129926   0.15166633 ... -0.22336027 -1.2214371
 -0.5591253 ]",0,0,0,0,0
Go tell Alice and quit reading it.,"[-0.22086157 -1.1995579  -0.09129379 ...  0.3059441  -1.0047113
  0.03591207]",0,0,0,0,0
"The ACHA does not have flaws that can be fixed; it's a piece of garbage that must be trashed, and will be.","[-1.0118967  -0.20665696  0.1533194  ... -0.19200274 -1.7060971
  0.33491835]",0,0,0,0,0
Ride Blind,"[-0.47687322  0.8585723  -0.01696738 ...  0.05910988  0.70776486
  0.9385102 ]",0,0,0,0,0
J. Cole & Bas – ​h u n g e r . o n . h i l l s i d e,"[-0.42821714 -0.21742187 -0.4768548  ... -1.0555133  -0.54615647
 -0.4654271 ]",0,0,0,0,0
"Indian labourers, Japanese sex workers: Tales of Singapore's forgotten immigrants","[ 0.07404396  0.3771897  -0.02662344 ... -0.39421982 -1.009457
  1.1025286 ]",0,0,0,0,0
Trans woman at Rikers sexually assaulted in men’s jail: suit,"[ 0.44717368  1.2889318   0.37760505 ...  0.7193747  -0.25062254
  0.56231284]",0,0,0,0,0
One of the best analyses of Trump to date.,"[-0.18664761  0.62576276 -0.3528417  ... -0.65378135 -0.61987555
  2.092201  ]",0,0,0,0,0
StewartBrian Yes today brains are a hindrance for the voters.,"[-0.36458814  0.17432097  0.09691653 ...  0.7210975   0.7085849
  0.86503124]",0,0,0,0,0
Memoir of a hypersexualised youth,"[ 0.0376218   0.94575375  0.0711123  ...  0.4503266  -0.77349937
  1.1783024 ]",0,0,0,0,0
"A trans TikToker was the target of a conspiracy theory. Transphobia fueled the hate, experts say.","[-0.7540738   0.98126614  0.3663526  ...  0.39726073 -0.24225323
  1.2129029 ]",0,0,0,0,0
This team is an armpit,[-2.0423677  0.7156054 -0.3518086 ...  0.3992063 -1.2828821 -0.1742117],0,0,0,0,0
"ooh please , that is about as solid as all those who said trump  would never win","[-0.5716586   0.36010262 -0.73013306 ... -0.657228   -0.15552475
  1.6771914 ]",0,0,0,0,0
"James' whoppers, cont.......

7.","[ 0.31690952  0.33962986 -0.03589139 ... -0.51041454 -0.40850952
  0.07685419]",1,0,0,0,0
OMG.,"[-0.5519557  -0.17286766  0.34802023 ... -0.5533315   0.4770268
  0.79800355]",0,0,0,0,0
not even the teachers where so mean and didnt even barely care,"[-1.1885529   0.41265503  0.14697245 ... -0.477796   -0.49578062
  1.0083202 ]",0,0,0,0,0
"If that's true, then that's all the more reason to vote against the New Dinosaur Party.","[ 0.32244408 -0.05740736  1.0596691  ...  1.2552966  -0.545844
  0.68474966]",0,0,0,0,0
"Yes, the BC Liberals have siphoned off ICBC's capital reserve funds, and left this crown corp unable to weather any downturn in revenue.","[-0.6058783   1.3982878   1.0841995  ... -0.06324279  0.31905618
 -1.1112293 ]",0,0,0,0,0
"aaa the stupidity of you left wingers never ends,, the usa is a great place to live.","[-0.33988655  0.2242877  -0.04320705 ... -0.23473433 -1.8934076
 -0.45800233]",0,0,0,0,0
This Morning viewers in hysterics as toddler speaks about 'mummy's boobies' during live interview,"[-0.3145826   1.3976011   0.8998098  ... -1.1243086  -0.86949164
  0.56424135]",0,0,0,0,0
"Airlines believe just because it's UNETHICAL, it ain't illegal.","[-1.1961603  -0.19128305  0.12005042 ... -0.4281941   0.29142484
  0.1370064 ]",0,0,0,0,0
Probably just one of the neighborhood crackheads who routinely dart out into the streets while they enjoy their high on the way to spend some EBT cash at 7-11.,"[-1.428478    1.1848903   1.0613223  ...  0.07427695 -0.82435673
 -0.8485004 ]",0,1,0,1,0
Panel of jabbering boobies rough up Mr Busy Fingers,"[-0.9689676   1.12108     0.55862445 ... -0.9618796  -1.837636
  0.23391502]",0,0,0,0,0
there is the AP trying to start a race war again and the SA printing it about some woman being dismissed from the white house which every new president does this is not big news you folks in the media are trying to start a race war because the woman was African American shame on you AP and the SA printing such trash.,"[-0.18394877 -0.08650389  0.31944823 ...  0.11218569 -0.6230775
  1.0082029 ]",0,0,0,0,0
"Ah yes, George Sores... the boogeyman under the bed of the alt-right.","[ 0.04426392  0.5215375  -0.00103335 ... -1.0293866  -0.63301396
  0.1120827 ]",0,0,0,0,0
"The point is Clark dismissed her without a moment's hesitation, no attempt to listen at all.","[-0.5911621  -0.4794463   0.56860197 ... -0.25346527 -0.37327263
  0.59902996]",0,0,0,0,0
Ban on Boobies: Business trademarks term 'Boobie' forcing others to rebrand,"[-0.92210114  1.2357545   1.3470205  ...  0.3399748  -1.1126393
  0.46698087]",0,0,0,0,0
WATCH: Gay Indiana teen punches homophobic bully in viral video,"[-0.7062146   0.17160687  0.70974433 ... -0.01620537 -1.7016598
  0.70688426]",0,0,0,0,0
Expert-approved sex toys for couples to try on Valentine's Day,"[ 0.4949683   0.26790845 -0.31056145 ...  0.9915265  -0.4091531
  1.1517513 ]",1,0,0,1,0
Did the Globe duct tape their editorial writers to a chair the way they did during the 2015 election when they forced a Stephen Harper endorsement?,"[-0.28638187  1.0002542   0.0274261  ...  0.39817128 -0.30201116
  0.5487218 ]",0,0,0,0,0
Why Instagram is where I want to share queer stories,"[-0.65688163  0.7056905  -0.2558948  ... -0.01056148 -2.3602397
  0.72945464]",0,0,0,0,0
I'd rather have snakes instead of out of state oil workers.,"[-0.7946544   0.46189824  0.21984014 ... -0.40689927 -1.0681894
 -0.2002895 ]",0,0,0,0,0
And now Trump has backed Le Pen and Macron's email has been hacked.,"[-0.13828462 -0.04050479  0.19243771 ... -0.876301    0.3955484
 -0.23339826]",0,0,0,0,0
"Two arrested for lesbian couple's murder, dismemberment in Mexico border city","[ 0.6930997  -0.08007506  0.04478915 ...  0.23120183  0.48479807
  0.32090878]",0,0,0,0,0
Newsflash: Conservative women ARE misogynists.,"[ 0.18397751  0.30839112  0.24378438 ... -0.23550612 -1.0368191
  0.9552281 ]",0,0,0,0,0
AA:  rubbish.,"[-0.71658975 -0.08501057  0.49960116 ... -1.4452276  -1.53716
  0.18790063]",0,0,0,0,0
Mulan producer gives the absolute worst reason for axing 'bisexual' character from live action remake,"[-1.0933875   0.2291062   1.3256516  ... -0.15048829 -0.51879984
  1.8595098 ]",0,0,0,0,0
Column: infect your mind with a trans woman,[0.12483547 1.4190773  0.77536124 ... 0.2847593  0.7704298  0.5423729 ],0,0,0,0,0
Canadians wanted to destroy their economy so they voted for Trudeau.,"[-0.7163      2.3354204   0.8989307  ... -0.63146704 -1.2992039
 -1.4414351 ]",0,0,0,0,0
The scary part about Max Sword is poor judgement and reasoning.,"[ 0.15934536  0.80107975  0.5847184  ...  0.35598686 -0.91416657
  0.5254945 ]",0,0,0,0,0
"It's the old joke, why do you keep hitting yourself with a hammer?","[-0.79476863  0.446864   -0.16955233 ... -1.2140315  -1.3954042
  1.8689245 ]",0,0,0,0,0
"Unprecedented, my ass.","[-0.20721513  0.24541289 -0.16927464 ... -0.78386223 -0.9813972
  1.1171994 ]",0,0,0,0,0
I think I am bisexual. What should I know?,"[ 0.47445047  1.1215987   1.1638696  ...  0.1903012  -0.49912208
  0.44775888]",0,0,0,0,0
Justy- the angry sheep.,"[-0.8789694  -0.20288388 -0.61028075 ...  0.17069583 -1.0514908
  0.32655457]",0,0,0,0,0
Hillary lost because she and her team thought Trump was incompetent and they didnt bother to campaign.,"[-0.3964041  -0.22298494 -0.05973603 ... -0.16806169  0.22702536
  1.473273  ]",0,0,0,0,0
When Does a Penis Stop Growing? Later Than You Think.,"[ 0.65320593  0.27514103  0.7440458  ...  0.5027492  -0.42408472
  1.3064421 ]",0,0,1,0,0
The GOP doesn't give a fig about fetuses or zygotes....it's about who controls women's fertility.,"[-0.1399011   0.06280991 -0.22621086 ...  0.6619506   1.3091307
  0.9742253 ]",0,0,0,0,0
Gardener is a sycophant of Brown and Rosenblum.,"[-0.54135203  0.3425932  -0.31452927 ...  0.1737811  -0.75817245
 -0.6271415 ]",0,0,0,0,0
Gay Man Brutally Killed After Being Lured to Park Via Dating App,"[-0.06755275  1.0176836   0.6282741  ...  0.653655   -1.808303
  0.13498457]",0,0,0,1,0
Polo G – Bloody Canvas Lyrics,"[ 1.1217303   1.4486177   0.62630725 ...  0.10986041  1.4277334
 -0.5599567 ]",1,1,0,0,0
Sony is planning to make Spider-Man bisexual and give him a boyfriend,"[ 0.39915574  0.78716636  1.026155   ...  0.71968037 -1.7138257
  1.1573962 ]",0,0,0,0,0
"Here’s the average penis size in the UK, according to the NHS – and it’s NOT linked to your foot size...","[ 0.257801   -1.0364739   0.01153136 ... -0.38731855 -1.1048267
 -0.37357187]",0,0,0,0,0
Scrabble bans 'boobies' and 'farting',"[-0.7651763  -0.03432707  0.4390234  ... -0.31490794  0.68369585
 -0.2175829 ]",0,0,0,0,0
"HRC lost because she directly named called over 40% of voters, within a 2 minute period,  as ""deplorable"" = lamentable, regrettable, unfortunate, wretched, atrocious, awful, terrible, dreadful, diabolical; sorry, poor, inadequate.","[-0.3785281   0.43705472  0.90544415 ...  0.05821463 -0.28656742
  0.01180775]",0,0,0,0,0
"Did you not see any of the Trump campaigns in which his supporters were wearing, and selling, t-shirts with absolutely disgusting slogans about Hillary?","[-0.6956838   1.8617914   0.68710434 ... -0.09433755  0.5366489
  0.00986433]",0,1,0,0,0
A Dream Analyst Explains What Gay Sex Dreams Mean If You're Straight,"[ 0.45138913  0.5629241  -0.11076784 ...  0.45456225 -1.4533074
  1.2220359 ]",0,0,0,0,0
Terrible tragedy.,"[ 0.26995292  0.20701468 -0.20717631 ... -0.3385948   0.6286014
  0.69580746]",0,0,0,0,0
Tommy Lee Holds Brittany Furlan’s ‘Boobies’ For A Special Celebration,"[-1.7711198   1.4046313  -0.66863966 ...  0.10152279 -0.9802415
 -0.13613926]",0,0,0,0,0
"Can't just say ""sorry, your dead sister did drugs so go kick rocks.""","[-1.2454302  -0.18693066  0.41624865 ... -0.51444346 -1.0280522
  0.893946  ]",0,0,0,0,0
Screw up by our intelligence black ops??,"[-0.99768424  0.4984193   0.5752925  ... -0.4191396  -0.6910351
  0.50697595]",0,0,0,0,0
This is what you get when Democrats run the government for years and years and years.,"[-1.2494801   1.0839798  -0.03749368 ...  0.05485091 -0.8132189
  0.8374736 ]",0,0,0,0,0
The Trap Becomes a Retirement Home for 2 Chainz on ‘Dope Don’t Sell Itself’,"[-0.4074633   0.10685307 -0.97409475 ... -0.37784696 -0.12103892
  0.6080782 ]",0,0,0,0,0
"Air Canada's Motto == We are not happy until you are not happy"" enough said!","[-2.5517406   0.6194007   0.1093291  ... -0.12795088 -2.1893575
 -1.0749497 ]",0,0,0,0,0
My Gender Is Dyke,"[-0.7858501   0.42336053  0.28403136 ...  0.6678599  -0.80066425
 -0.28127095]",0,0,0,0,0
Trump is angry about his jokes about him at the journalists' party last year.,"[-0.8311013   1.3988388  -0.28151992 ... -1.4499626  -1.0882541
  1.1142433 ]",0,0,0,0,0
'You don't look gay' and other things people say to me as a lesbian in straight woman drag,"[ 0.627457    0.20229746  0.88485694 ... -0.10632372 -0.60133606
  0.40903038]",0,0,0,0,0
Quit insulting 4th graders.,"[-0.67031956  0.05188297  0.487807   ...  0.07527608 -0.85665417
 -0.5551146 ]",0,0,0,0,0
"If there drugs were in her purse and she went to dinner and the movies after work, she had drugs in her purse at work.","[-0.2237433   0.27636394  0.13091952 ... -0.3130967   0.12088018
  0.32733792]",0,0,0,0,0
Teacher Fired For Breaking State’s Critical Race Theory Laws After Telling Students She’s Black,"[-0.91457343 -0.41077787  0.6152189  ... -0.7010044  -1.4279381
  0.5241418 ]",0,0,0,0,0
"Black folks, we must honor Dr. King this way: Stop killing each other. Especially our children","[-1.0049806   0.04042519 -0.01507285 ... -0.3592126  -1.432342
  0.06318415]",0,0,0,0,0
Men with 'golden penis syndrome' are ruining sex and dating for women,"[ 0.86682093  0.37168935  0.5952449  ...  0.5906351  -1.1396629
  1.1551569 ]",0,0,0,0,0
"Meat, fire, good.","[-0.37882972 -0.30881277 -0.725597   ... -0.49719936 -0.67681396
 -0.7958344 ]",0,0,0,0,0
'Bring your f*cking dinner': The 8 best reactions to Rangnick & Ronaldo,"[-0.51936513  0.5870188  -1.2636163  ... -0.7846992  -1.3987772
  0.3370691 ]",0,0,1,0,0
"""“In my mind I don’t,” Gardner responds.","[-0.5436319  -0.04229574  0.2236751  ... -0.10144371 -1.25074
 -0.1013258 ]",0,0,0,0,0
Best Sex Pills For Men Over The Counter - Stay Hard Penis Pills Reviewed,"[ 0.03222653  0.23918188  0.06431973 ...  0.43074602 -1.6189137
  0.09185454]",0,0,0,0,0
Jamil Smith: Racism Isn’t Just When You Say N*gger,"[ 0.11239623 -0.42774317  0.47202763 ... -0.9307773  -1.146121
  0.5060084 ]",0,0,0,0,0
MasterChef UK: 'Disastrous' The Professionals contestant drops food and uses show as test kitchen,"[-1.0396621  -0.5996049  -0.10436595 ...  0.38065952 -1.429457
  0.79758346]",0,0,0,0,0
"NLE Choppa Taps Young Thug For ""Push It""","[ 0.15465133  0.64461666  0.71976024 ... -0.18550818 -1.1919748
  0.14423637]",0,0,0,0,0
Trump promises to ban transgender women from sports if re-elected,"[-1.0318444  -0.4362404   0.13363943 ... -0.16050005 -0.52628833
  1.0980451 ]",0,0,0,0,0
Donald sure has a nice warm smile for Paul; any closer and they would be smooching.,"[-0.3500347   1.4094086  -0.5485945  ... -0.4540255  -0.9500274
  0.00930701]",0,0,0,0,0
"We need Kleenex to wipe away our tears from laughing so much too, so much fake news.","[-1.4214524   0.7654415   0.6018457  ... -0.13963112 -0.28003442
  0.8867003 ]",0,0,0,0,0
Owner of Fanny's Cafe has post advertising faggots removed from Google over 'offensive language',"[-0.67536014  0.7534289   0.8368942  ... -0.5548464   0.43945634
  0.10355351]",0,0,0,0,0
You'd think the blockhead would know that...,"[-0.5284081  -0.5833573   0.4639996  ... -0.31884304 -1.4542217
  1.3037562 ]",0,0,0,0,0
Next president will reinstate everything Trump undid anyway.,"[-0.52044976  1.1042987  -0.5644578  ... -0.64081395 -0.680996
  1.7316015 ]",0,0,0,0,0
Jury awards $1.75 million to gay Staten Island man who claims NYPD assaulted him and called him “faggot”,"[ 0.36771554  1.7847563  -0.12138151 ...  0.00761547 -0.31876618
  0.9164647 ]",0,0,0,0,0
"Polis 'Is Not Even Gay' & His Wedding Was 'All a Sham,' Baselessly Claims GOP Gov. Candidate","[-0.23791334  0.30554995  0.6062182  ... -0.13732317  1.440741
  0.5619679 ]",0,0,1,0,0
Police officer caught calling bisexual man a 'f*g' escapes being fired,"[-0.24439608 -0.09000755  0.42465857 ... -0.40786657 -0.9819477
  0.2754404 ]",0,0,0,0,0
"Kid Rock: 'If homophobic slur offends you, good chance you are one'","[ 0.14887998  0.4395546   0.54579663 ... -0.23588482 -1.3674068
  0.49863428]",0,0,0,1,0
What Is Pansexuality—And How Do You Actually Know If You're Pansexual?,"[-0.26723373  1.2086203   0.5865679  ...  0.21498862 -1.0059944
  0.7802031 ]",0,0,0,0,0
"The Trump merely asks of us: ""Who cares about all those parks and monuments, when someone else could become even richer by taking the oil, coal or minerals from underneath 'em?""","[-1.0649076   1.0150912   0.41321912 ... -0.811058   -1.1939367
  0.48355713]",0,0,0,0,0
u can polish turd all day but at the end of the day it is still turd,"[-0.14760461  0.3318     -0.35046786 ...  0.33373097 -0.26871762
 -0.12849824]",0,0,0,0,0
A Gay Man Burned a Bible in Protest at a Tennessee Book Burning,"[-9.1256678e-02  6.0083038e-01  4.6130416e-01 ...  1.6821851e-03
 -2.3040919e+00  2.1388374e-01]",0,0,0,0,0
Ringo Starr Drops Legal Battle Against 'RingO' Penis Rings,"[ 0.02841868 -0.02958516  0.22392863 ... -0.71734375  0.43196338
 -0.3659199 ]",0,0,0,0,0
"Stormzy hits out at ""crackhead c**t"" Wiley on new diss track 'Disappointed'","[-0.0483919   0.74744064  0.6094452  ... -0.17616545 -0.6091777
  0.5736772 ]",0,0,0,1,0
Young LGBT+ people afraid to report sexual assault because of prejudice,"[-0.10325798  0.58737224 -0.14906076 ... -0.56873536  0.17301254
  1.3610587 ]",0,0,0,0,0
LGBT History Month: Disabled queer people are being erased,"[-0.54222643  0.7331381   0.04121929 ... -0.13990211 -1.0826033
  0.58791447]",0,0,0,0,0
"Savage Love: I'm a bi-sexual, married woman who wants to learn how to get off on straight sex","[ 0.64046377  0.8678319  -0.07901549 ...  1.1262113   0.03044247
  0.4287334 ]",0,0,0,0,0
"George, you say I ""dismiss, marginalize, demean, shout down anyone who disagrees with [me]. ""","[-1.0121675  -0.41341293  1.1362844  ... -0.04592427 -0.56386167
 -0.28703764]",0,0,0,0,0
"Just like Jesus said, screw anyone that is down on hard times.","[ 0.5458793   0.4001984  -0.24967235 ... -0.10262424 -1.0008324
 -0.31420007]",0,0,0,0,0
Simon Maltby is new manager at The Cock,"[-1.5144631   0.56676775  0.03522897 ... -0.82174754 -1.6071278
  0.9042635 ]",0,0,0,0,0
Nardo Wick – Who Want Smoke?? (Remix) Lyrics,"[-0.46808964  1.5784991   0.5290724  ...  0.7764533   0.2930683
 -0.1037019 ]",0,0,0,0,0
Gran's Asda cock-up leaves her with bumper pack of condoms instead of tea bags,"[ 0.17145899 -0.10286655  0.33996364 ...  0.46505976  0.2364094
 -0.06175569]",0,0,0,0,0
"Well, if Liberals want to tick off white voters, then so be it.","[-0.5493101   0.7591644   0.21433945 ... -0.03928616 -0.68269473
  0.16803838]",0,0,0,0,0
I don't respond to dogwhistles because I'm a human being.,"[-0.60059524 -0.70195454 -0.67983735 ...  0.16879855  0.15815264
  0.56545186]",0,0,0,0,0
Liar.,"[-1.3630788   0.7228067  -0.06853129 ... -0.3512175  -0.41370517
  0.36355656]",0,0,0,0,0
Gosh – for all these decades George will is had me fooled!,"[ 1.1575197  -0.04992968  0.1790603  ... -0.2682926  -0.2622266
  1.8633573 ]",0,0,0,0,0
The Q Word: A crash course on 'queer',"[ 1.8021461  -0.49188206 -0.3738215  ...  0.23105049 -2.8314137
  0.6944106 ]",0,0,1,0,0
Gender helped as much as hurt her.,"[-0.8050807   1.0488074   0.33915174 ...  0.69454926 -1.0613887
  1.2029806 ]",0,0,0,0,0
"Boots is right:  Trump's healthcare bill is very bad for lower income people, most of whom are white.","[-1.1850388   1.0046996  -0.26687166 ... -0.43441832  1.6480782
 -0.25901034]",0,0,0,0,0
I'm Gay but Turned Off by Gay Stereotypes,"[-0.5798683   0.03742518  0.374608   ... -0.20338975 -0.622571
  0.6703081 ]",0,0,0,0,0
"British man breaks penis vertically during sex, makes medical history","[ 0.2791228   0.29098377  0.49961016 ...  1.1506629  -0.93676746
  1.7490075 ]",0,0,0,0,0
Misogyny and Russian hackers are fabricated excuses.,"[-0.55687815  0.48608732  0.7614867  ... -0.7451515  -0.81507653
  0.84170496]",0,0,0,0,0
"Oh yes, no matter how blatant and devastating its consequences, misogynists never can see misogyny.","[-0.52063143  0.45775023  0.21350747 ...  0.30482596 -1.2069032
  0.6346629 ]",0,0,0,0,0
"""...his standard of ""The Truth""..."", ""...a dummy like Trump..."" Got to admit, when you're right, you're right...#MAGA","[-0.9049677   0.11624913  0.12870823 ... -0.86896807  0.8451163
  1.3510653 ]",0,0,0,0,0
Cardi B wears sheer bodysuit and helmet-style mask at Paris Fashion Week,"[ 0.45419103 -0.51226026  0.8171422  ...  0.65302944  0.14937362
  0.5931659 ]",0,0,0,0,0
"""Your sarcasm is the best in the room - and easily detectable""   ain't it though...?","[-0.6696563  -0.20649676  0.08793145 ... -0.20532882 -1.1434432
  0.03683448]",0,0,0,0,0
Marking the Deadliest Year on Record,"[ 0.49999386  0.48229176 -0.92149764 ...  0.35148117  0.61703825
  0.9852247 ]",0,0,1,0,0
Bloodhound Gang Announce Expanded Vinyl Reissue Of ‘Hooray For Boobies’,"[-0.2586231   0.69735986 -0.2006402  ...  0.9565474  -0.55230874
  0.9558367 ]",0,0,0,0,0
donald trump,"[-0.55968297  0.12417088  0.17535461 ... -1.9595118   0.64096814
  0.3352812 ]",0,0,0,0,0
‘LA N*****s’: Host sorry for ‘racial slur’,"[-1.0317318   0.61938125  0.22557846 ... -0.79561484 -0.5034602
  1.2030344 ]",0,0,0,0,0
"now this further leads me to believe without a doubt that our inept city council, from top to bottom, has neither the brains or the skills to cope with this debilitating fiasco of a "" large scale destruction"" project!","[-0.00293895  0.9797849   0.19901867 ...  0.1339235  -1.0551498
 -0.24335344]",0,0,0,0,0
The am-Bi-guity in being bisexual,"[-0.647799    0.88085294  0.5013103  ...  0.08538991 -0.12477636
 -0.4209126 ]",0,0,0,0,0
France is on a dangerous collision course with its Muslim population,"[ 0.49607584  0.7813808   0.10545037 ... -0.51015604 -0.28036752
  2.1105492 ]",0,0,0,0,0
Joe Budden Appears to Call Earl Sweatshirt's New Album 'Bullsh*t',"[-0.9979547   0.5855529   0.64581066 ... -0.2790366  -1.9826843
 -0.06451884]",0,0,0,0,0
She had an infection that was killing her.,"[ 0.97484815  0.6518416  -0.28379592 ...  1.2233146   1.8034585
  0.14464128]",0,0,0,0,0
A Violent Man review – hardnut prison drama is guilty as charged,"[-0.36714527  1.1752156  -0.08309391 ... -0.5239375   0.2097426
  0.04021145]",0,0,0,0,0
"StewartBrian writes:

"" Le Pen is going to walk away with it. ""","[ 0.39026555  0.8234389  -0.10987823 ...  0.73668927  0.84678775
  0.05778309]",0,0,0,0,0
Such delusion.,"[ 0.03335249  0.17728327  0.6884619  ... -1.0247632   0.16265926
  0.76184285]",0,0,0,0,0
Sony May Make Spider-Man Bisexual And Give Him A Boyfriend: REPORT,"[ 0.38707963  0.7888104   1.1871219  ...  0.46212476 -0.7739397
  1.5288508 ]",0,0,0,0,0
Cock Cock... Who's There? Q&A with creator Samira Elagoz - CityMag,"[ 0.6690186   0.34087858  0.9482397  ... -0.92658925 -2.0920255
  0.8760771 ]",0,0,0,0,0
Colton Haynes was told he was 'too gay' when he got to Hollywood — and was coached to hide it,"[ 0.5554432  -0.7298307  -0.25046155 ... -0.80963296  0.28220147
  1.6353271 ]",0,0,0,0,0
Party’s over: Amsterdam plans to keep tourists ‘in penis outfits’ away,"[-1.3203295  -1.111725    0.28150693 ...  0.11903922 -0.15226158
  0.61223024]",0,0,0,0,0
"Read the above column by Tabatha, slagging Ivanka Trump, for a heaping bowl of misogyny.","[-1.2076182   1.2614759  -0.01318564 ...  0.08072653 -0.3542458
  0.16671371]",0,0,0,0,0
Looks like the the fake news MSM has been drinking its own bathwater again.,"[-1.2085794   0.5216509   0.03076981 ... -0.78253603  1.1307418
 -0.02652851]",0,1,0,0,0
"They have no excuse if they vote for LePen, they have seen what a mess Trump is and what a shambles the Brexit vote has unleashed.","[-0.7286926   0.559537    0.5211432  ... -0.67792183  0.54949075
  0.8671256 ]",0,0,0,0,0
"Be glad we are not Puerto Rico who just declared bankruptcy yesterday..........to the tune of 73 Billion dollars (Detroit declared bankruptcy at only 20 Billion dollars)....population of 3.4 million...450,00 have escaped to the Mainland over the past 10 years...unemployment is at 12%....184 Public Schools will now shut down effecting 27,000 kids.......lucky you live Hawaii?","[-0.1328977  -0.55020237 -0.04581024 ... -0.22679764 -0.5117858
 -0.8858112 ]",0,0,0,0,0
What was lost with the Negro Leagues,"[ 0.03422584  0.69699025  0.71653134 ... -0.59224194 -0.8765103
  0.4415982 ]",0,0,0,0,0
"it is probably hiding inside a wall somewhere trying to stay warm, go to the warm spots, or wait for the smell of decomp when it dies there.....another stupid, dumb inconsiderate pet owner.....","[-0.5980234   0.28507262 -0.5837398  ... -0.03459238 -0.05203668
 -0.17383152]",0,0,0,0,0
"exactly, they only pull out the gender excuse when the left looses refusing to look into the mirrors","[-0.60262406 -0.32739884  0.27653533 ...  0.584277   -0.08898398
  0.9395309 ]",0,0,0,0,0
"Alceste, it is condescending to call Fillon ‘my boy’.","[-0.07252664  0.73473144  0.47512403 ... -0.727686   -1.041715
  1.0179023 ]",0,0,0,0,0
This was an epic collapse of Leafian proportions !!,"[ 0.75046635  0.8521274   0.4865633  ...  0.09342339 -0.47557592
  0.57802844]",0,0,0,0,0
Shhhhhhhh.....kids don't want to hear that.,"[-0.11351153 -0.82066643  0.1529746  ... -0.7995777   0.6526303
  1.1712635 ]",0,0,0,0,0
"Lose your kid, look inside my Snake!","[ 1.2538098   0.6203156  -0.05416979 ... -0.817703   -1.1930528
  0.34013534]",0,0,0,0,0
Just 15 Hilarious Gay Tweets Of The Week,"[-1.0881408   1.0777652   0.4317398  ... -0.21115819 -0.7856866
  0.0425685 ]",0,0,0,1,0
"Samantha Bee's apology for calling Ivanka Trump a ""feckless"" c-word is perfect","[-0.90737075  0.4685813   0.17109533 ... -0.3616636  -1.4874487
 -0.00719762]",0,0,0,0,0
Bowling for Boobies raises thousands for cancer research | Local Sports | tullahomanews.com,"[-1.0808015   0.5206905  -0.35252044 ...  0.3432973   0.42810377
 -0.6449786 ]",0,0,0,0,0
"A Man Ran Over A Muslim Family With His Truck Because Of Their Religion, Police Say","[ 0.01194281  0.5473682  -0.01922123 ... -0.26004133 -1.0006301
  1.7198683 ]",0,0,0,0,0
“Call Me a F*g One More Time”: Bullied Teen's Slap Goes Viral,"[-0.19612451  0.75372297  0.654661   ... -0.1673666  -1.4321212
  0.54157853]",0,0,0,0,0
Pete Davidson Is Out Here on Instagram Talking About His Penis Size Just Weeks Into Dating Kim Kardashian,"[ 0.40834695  0.40603584  0.7406658  ...  0.743168   -2.1382763
  0.86210436]",0,0,0,0,0
HAHAHAHAHAHAHAHAHA!!!!!!!!!!!,"[-0.41189918 -0.45893878  0.1602344  ... -1.0594146  -1.1051308
  0.4805242 ]",0,0,0,0,0
'Alone With You': Queer horror filled with paranoia,"[-0.54360706 -0.5105393  -0.9557848  ... -0.16662937 -0.6065807
  0.8496077 ]",1,0,1,0,0
"""Shush the woman, then watch her roar"".","[ 0.23551454 -0.02407413  0.73550636 ... -0.05235002  0.04531872
  0.45892826]",0,0,0,0,0
Witness at murder trial said chef was 'killed in cold blood for being gay' in Cork,"[ 0.37316826  0.5558143  -0.1756473  ... -0.45684335 -0.9351472
 -0.952249  ]",0,0,0,0,0
"Can you afford four years a job killing, ideological Socialism?","[ 0.5586615   0.9435111   0.8378992  ...  0.32666382 -1.0197275
 -1.0805306 ]",0,0,0,0,0
'Always derogatory'? Germany battles over the N-word,"[-0.8405029   0.815732   -0.0099838  ... -1.0466126  -0.02964741
 -0.153128  ]",0,0,0,0,0
Epic failure man...Epic.,"[ 0.14774217  0.87130606  0.15324159 ...  0.00487023 -0.72174597
  1.4181156 ]",0,0,0,0,0
Sword is a freaking piece of work.,"[ 0.27502534  0.98284924  0.11168592 ...  0.63727427 -0.81927985
  0.04983224]",0,0,0,0,0
‘BOOBIES ARE FOR BABIES’: New book addresses the loneliness of motherhood,"[ 0.6648654   1.1786292  -0.615075   ...  0.04260823 -1.2229409
  1.2736529 ]",0,0,0,0,0
"'Hey, faggot!': Gavin McCrea on a lifetime of homophobic abuse and violence","[ 0.7412447   1.3405532   0.5269083  ... -0.54592335 -0.45480812
  0.7396105 ]",0,0,0,0,0
"Congrats on your successful hunt young man, you are feeding your elders with native foods that their bodies need....as for paul watson what he was doing fighting a dishonest commercial whaling fleet for money was the correct thing to do...as for this young man taking on the responsibility to feed his village is highly commendable ...good for him",[-1.1370962  1.0685318 -1.1218375 ...  1.7164736 -0.5022271  0.9063667],0,0,0,0,0
Don't need to be mentally ill to be rude.,"[-0.670504    0.43192503  0.5882739  ... -0.3172504  -1.2409978
 -0.4891763 ]",0,0,0,0,0
Get rid of all police commissioners (esp max sword)!,"[ 0.17512853 -0.31891325  1.298973   ...  1.5561795  -0.51076245
  0.17712997]",0,0,0,0,0
More ignorance... wonderful.,"[-0.3404828   0.6349789   0.37227604 ... -0.6493362  -1.7555425
  0.55445033]",0,0,0,0,0
How about the self important steaming pile from California shut up and comply?,"[-0.41262555 -0.82967997  0.47982824 ... -0.5227507  -0.09113631
  0.85616994]",0,0,0,0,0
Gina Rodriguez Says N-Word While Poorly Rapping Lauryn Hill Line,"[-0.12303476  0.49661836  0.6600441  ... -0.12817836 -0.97262204
  0.25747964]",0,0,0,0,0
This article is wrong-headed.,"[-0.47874743 -0.32957786  0.43784332 ... -1.0168287  -0.24257684
  0.92000335]",0,0,0,0,0
Trump exhibits behaviors that indicate he may be an ignoramus.,"[-1.0891372   0.75125617  1.1775143  ... -1.619297   -0.82387036
  2.6164248 ]",0,0,0,0,0
Gay and bipolar disorder: Where to find support,"[-0.126242    0.61947995 -0.03093983 ...  0.24772544 -1.4644089
 -0.17225376]",0,0,0,0,0
"D.C. Gay Man Says Neighbors Beat Him, Used Antigay Slurs","[-0.57602966  1.1128774   0.28165224 ...  0.01086093 -1.1536422
  0.15470444]",0,0,0,0,0
"Betty ""DAGS"" Crocker ??","[ 0.02828053 -0.01035856  0.09724112 ... -0.89211404  0.7773138
 -0.46759856]",0,0,0,0,0
“It’s Not That Serious”: Why Eminem Saying F*ggot Is “That Serious”,"[ 0.10561275  0.15997575  0.76997334 ... -1.2787372   0.05152256
  1.4143485 ]",0,0,0,0,0
"another reader - while spending on the Anchorage Legislative Office was a big mess by ignorant politicians and the per diem cost to keep the legislative session in overtime is costly, it does not compare to the cost for the public union cycle of corruption.","[-0.28730637  1.5951517   0.31172904 ... -0.69341385 -0.17436042
  1.0334464 ]",0,0,0,0,0
IMO either four more years of the Liberals or four years of the NDP in government would be an abomination.,"[ 0.03988283  1.3988632   0.5681861  ... -0.27110973  0.06625416
  0.0563869 ]",1,0,0,0,0
Yorkshire CCC are institutionally racist. For me there is no other conclusion,"[-0.5292709   0.3237157  -0.5057789  ... -0.08796763  0.22440392
  0.2082422 ]",0,0,0,0,0
10 Best Redhead OnlyFans (Top Only Fans Red Heads),"[-0.6652625  -0.05262364 -0.76477945 ...  0.17755534 -0.82385206
 -0.01553084]",0,0,0,0,0
also who wants to pay 30 to 40 dollars to watch this kind of hula trash.,"[-0.92731076  0.5979354   1.0063586  ...  0.6374527  -1.2445782
  0.00827333]",0,0,0,0,0
RuPaul's Drag Race: All the Transgender Queens (Photos),"[ 0.83629835 -0.03565471 -0.38398024 ...  0.6318772  -0.56984884
 -0.7398182 ]",0,0,0,0,0
The ‘Double Closet’: Why Some Bisexual People Struggle With Mental Health,"[ 0.38805026  0.0570906   0.1831209  ... -0.02179534 -0.09770899
  1.146502  ]",0,0,0,0,0
Why would you fly with drunk pilots...,"[-4.5167607e-01  1.1016023e+00  2.2574195e-01 ... -1.0224074e-03
 -7.4364889e-01  8.8973939e-01]",0,0,0,0,0
"'If You Are A Broke Nigga, Never Like My Photos On Social Media'- Lady","[-1.2350056   0.22426009  0.66312444 ... -0.5492297   1.4044831
 -0.5671093 ]",0,0,0,0,0
"The Case Against ""Cunt-struck"" - Slog","[-0.27518407 -0.18186471 -0.284672   ... -0.88922316 -0.4151977
  0.37579733]",0,0,0,1,0
lock up your pomeranians,"[-0.56569207 -0.47954336 -0.18979242 ... -0.70246667 -0.04201747
  0.8513478 ]",0,0,0,0,0
This whole thing stinks.,"[-1.2422558   0.29242784  0.4824891  ... -0.5521494  -0.7915894
 -0.25771737]",0,0,0,0,0
Your post only makes sense if American's require more health care services per capita than Australians.,"[-0.58405477  0.5420007  -0.12915695 ... -0.09563269  0.45699957
 -0.725131  ]",0,0,0,0,0
Succession's Brian Cox won battle to say 'faggot' on show and slams 'cancel culture',"[ 0.09850952  0.612102    0.5999455  ... -0.1651251  -0.14096133
  0.54784113]",0,0,0,0,0
is it really a surprise that idiots like Drsfreud are also idiots about climate change and every other lunatic bs left wing cause!,"[-0.4729156   1.169143    0.14626974 ...  0.11009233 -0.7423521
 -0.08722461]",0,0,0,0,0
The Liberals are selling out Canada to fund their globalist ideology.,"[-1.0841826   2.0885463   1.4435277  ...  0.41827387 -0.3481943
 -1.1073611 ]",0,0,0,0,0
"Saving the blue-footed booby, one pair of socks at a time","[-1.5053967  -0.39814964 -1.0899413  ... -0.5988347   0.99214756
 -0.1800469 ]",0,0,0,0,0
There Is No Pass for the N-Word,"[-0.85321575 -0.93615055 -0.27832687 ... -1.0697306  -0.3193762
  0.31710583]",0,0,0,0,0
BACHIE RECAP: It’s Week 2 And We’ve Already Reached The Calling Another Woman A ‘C*nt’ Stage,"[ 0.08698754 -0.9784953   0.8686157  ... -0.24812058 -0.33020777
  0.01488458]",0,0,0,0,0
'There will be dad and mum': Putin rules out Russia legalizing gay marriage,"[-0.31582934 -0.72994906 -0.90856344 ... -1.1074723  -0.98929304
  0.99710566]",0,0,0,0,0
Mike Bloomberg Once Again Called Transgender People “It” And “Some Guy Wearing A Dress”,"[-0.07951196  0.3717562   0.66403806 ... -0.00381905 -2.1281366
  0.77443194]",0,0,0,0,0
"Andrea Mitchell, Rachael Madcow, Wolfie Blitzer, George Steppin All Over Us why don't you people get over it Trump won so live with it, you folks already went through 10 boxes of Kleenex tissues apiece for wiping your tears after crying because trump won, but go ahead and cry some more, Kleenex company making uku bucks thanks to Trump winning.","[-0.9627067   0.5153853  -0.08824156 ... -0.24858323 -0.12808497
 -0.57653236]",0,0,0,0,0
"""Shush the woman, then watch her roar""
In Hillary's case it should read ""defeat the woman, then watch her complain""","[-0.48540682  0.4049136   0.24948767 ...  0.05486125 -0.60552156
  0.0853149 ]",0,0,0,0,0
"bauxite
potash
nickel","[-1.0819329  -0.6438015  -0.26919946 ... -1.4105971  -0.59695286
  0.0139786 ]",0,0,0,0,0
The pot heads are going to shove their lifestyle in our face no matter what.,"[-0.8356256   0.22405826  0.6612698  ...  0.5745041  -1.0625172
  0.15812165]",0,0,0,0,0
"Just as you wouldn't get between a momma grizzly bear and her cubs, or ANY grizzly bear and its food, you don't want to provoke a carnivorous lizard that can grow to be ten feet long and approach 200 pounds.","[-0.5293903   0.611027   -1.3448627  ... -0.05234925  1.1497724
  1.023328  ]",0,0,0,0,0
Gay man thought he was going to die in terrifying gang attack,"[ 0.5661969   0.57564     0.3296136  ...  0.26026526 -0.0458625
  1.0261118 ]",0,0,0,0,0
The same morons in charge of these policies are bewildered by the fact that middle-aged white men are killing themselves in record numbers.,"[ 0.13090868  1.3837044  -0.16234007 ...  0.25400797 -1.4122714
  2.030836  ]",0,0,0,0,0
Ignoring someone is not outwitting.,"[-0.03773405 -1.4320238  -0.30485824 ... -0.70977885 -0.26294345
  1.1728805 ]",0,0,0,0,0
"CNN, ABC  CBS and NBC are all 'Fake News' outlets.","[-0.50093144  0.31774536  0.9560042  ... -0.9844206   0.12064548
  0.3317096 ]",0,0,0,0,0
North Macedonia's Zaev Condemned for Calling Detainee “Faggot”,[0.01728024 0.8143012  0.77463585 ... 0.08873283 0.24700142 0.6214167 ],0,0,1,0,0
"Straight Men Are Sharing Times They’ve Been Called “Gay” For Doing Basic Things, And It’s Honestly Ridiculous","[-0.24704626  0.27520335  0.4021223  ... -0.02878383 -1.6732658
  1.694095  ]",1,0,0,1,0
Alexander is scum.,"[ 0.06191965  1.0349475   0.20593026 ... -0.7150782  -0.524912
  0.13792536]",0,0,0,0,0
Is America Ready to Elect a Gay President?,"[-0.263481    0.19749446 -0.21645923 ... -0.29409018 -1.6214123
  0.29814553]",0,0,0,0,0
JoJo Siwa comes out as pansexual: 'My human is my human',"[-0.41067824  0.0653018  -0.02544096 ...  0.24070802 -1.3440769
  0.25838143]",0,0,0,0,0
Bloodhound Gang 'Hooray For Boobies' Expanded Vinyl Reissue Available March 27,"[-0.39466795  0.14892507 -0.86419857 ...  1.0888238  -1.0666478
  1.3096441 ]",0,0,0,0,0
"CIVIL COMMENTS BLOCKS FREE SPEECH
CIVIL COMMENTS IS ANTI-AMERICAN
CIVIL COMMENTS IS A TERRORIST ORGANIZATION","[-0.8941708  -0.28377637  0.8854683  ...  0.0024608  -0.20076613
 -0.08067117]",0,0,0,0,0
Has the mainstream media in Canada always been this inane and insufferable?,"[-1.6238867  -0.02042433  1.0113771  ... -0.35321718 -0.03104346
  0.26014295]",0,0,0,0,0
'Absolutely pathetic' - Pundits go in for Wales after drubbing in Dublin,"[-0.14683056  2.4156682   0.5696944  ...  0.622934    0.14736323
  0.01567692]",0,0,0,0,0
Biking for Boobies - Breast Cancer Fundraiser,"[-1.653618    0.39274564  0.31322548 ...  0.5182081   0.23266919
 -0.17672466]",0,0,0,0,0
This story is about as dead and boring as the snake,"[ 0.42822346  0.17395267 -0.24916723 ... -0.18804386 -0.10391149
  0.40668595]",0,0,0,0,0
How BET Made Black History Month ‘Queer As F**K!’,"[-0.37618577  0.926836    0.04458772 ...  0.59660965 -1.4167325
 -0.32925272]",0,0,0,0,0
You OBVIOUSLY CANNOT READ.,"[-0.6142255   0.84395695 -0.07263351 ... -0.03465569 -0.31793514
  0.54819   ]",0,0,0,0,0
This Doctor messed up BIG TIME!!,"[-0.01938613  0.5507148  -0.01212865 ... -0.20196283  0.19892989
  0.77210474]",0,0,0,0,0
"Your comments seem to rest on the notion that Wynne's spending to-date has been without waste, larceny, subterfuge, lies, deceit, incompetence and self serving.","[-0.65631     0.14542252 -0.64458436 ...  0.6686527  -0.17498693
  1.3653513 ]",0,0,0,0,0
"Nicotine and Erectile Dysfunction: Facts, Tips, Quitting","[ 0.8724394  -1.3614366   0.01712093 ... -0.44800296  0.04844133
 -0.13833392]",0,0,0,0,0
Two bus stop shootings???,"[ 0.3204129   0.35521078  0.33211264 ... -1.1437356  -0.11193491
 -0.668937  ]",0,0,0,0,0
‘Miserable and Dangerous’: A Failed Chinese Promise in Serbia,"[ 1.3260639   0.05404393  0.66203386 ... -0.59958875  0.6343591
 -0.70869285]",0,0,1,0,0
Trans activists cannot hide their misogyny,"[-0.7519631   0.694572    0.60418516 ...  0.9548788   0.22791447
  0.16687313]",0,0,0,0,0
"Sounds as if this applies to the Arch:  “Youth ages, immaturity is outgrown, ignorance can be educated, and drunkenness sobered, but stupid lasts forever.”  (Aristophanes)","[ 0.07339965  0.28058416 -0.11545535 ... -0.2647368  -1.3992087
  0.7378447 ]",0,0,0,0,0
Rogue black hole spotted on its own for the first time,"[-0.1511288  -0.25055248 -0.19053312 ... -0.5387543  -1.5543426
  0.74813753]",0,0,0,0,0
"Honestly, who cares about sand volleyball?","[ 0.06065008 -1.2951013  -0.06920701 ... -0.5117535  -0.10494218
  0.6389091 ]",0,0,0,0,0
Keith Richards and Noel Gallagher Compared Bad Bandmates,"[-0.87771684  1.7814425  -0.27136135 ... -0.42853415 -0.76023024
  0.13283806]",0,0,0,0,0
"Campaigning is easy, if, like her, you're a corrupt, amoral pathalogical liar.","[-0.33832145  0.74775004  0.56795895 ...  0.02793095  0.7692532
  1.3327245 ]",0,0,0,0,0
"Négrodalitalité, la Negrodalitality","[ 1.03525    -0.38148487  0.07890607 ... -0.65561146  0.10374962
 -0.1636413 ]",0,0,0,0,0
Google bans woman advertising faggots at Fanny's Café for 'offensive language',"[-0.51376593  0.5914631   1.0005223  ... -0.6175682   0.6572939
 -0.07768173]",0,0,0,0,0
QAnon Rep. Melts Down After Someone Vandalizes Her Anti-Trans Sign: 'This Is Criminal Activity!',"[-0.3450029   1.184177    0.73972243 ...  0.45359674 -0.9792307
  0.758979  ]",0,0,0,0,0
“Why I changed my name to hide my South Asian identity”,"[ 0.5074765  -0.11854023  0.8803641  ... -0.7698161  -0.84538686
  1.0026442 ]",0,0,0,0,0
Avon...Let's put some lipstick on this pig.,"[-0.50130635  0.6409496   0.8564667  ...  0.07325481 -0.7614087
 -1.7216674 ]",0,0,0,0,0
40 Weird And Funny Pics From This Facebook Page Prove That Humans Are Unlike Any Other Species,"[-1.1220468   1.4089248   0.05519177 ...  0.6452681  -1.1400741
  0.32812682]",0,0,0,0,0
Understanding racism: Embracing discomfort to educate children,"[-0.12509634  0.5419838  -0.22497936 ... -1.2589062  -1.0418534
  0.8171888 ]",0,0,0,0,0
Sex Pistols interview: Steve Jones on punk and 1977,"[ 0.6226226   1.024865    0.17493136 ...  0.31479922 -0.5106495
  0.44563955]",0,0,0,0,0
Just 15 Hilarious Gay Tweets Of The Week,"[-1.0881408   1.0777652   0.4317398  ... -0.21115819 -0.7856866
  0.0425685 ]",0,0,0,0,0
"You forget to follow up with the ""whole lot"" part...Please follow up and help us see what the Fake News is hiding..#MAGA","[ 0.16227317 -0.06877477  0.61851466 ... -0.73812187  1.4959315
  1.3146176 ]",0,0,0,0,0
HAHAHAHAHAHAHAHAHAHAHA!!!!!!!!,"[-0.34420598 -0.34597784  0.16715603 ... -1.1902288  -0.81828135
  0.5226798 ]",0,0,0,0,0
I've had these PETA nuts confront me for the way I treat my dog.,"[-0.5057014  -0.12695245 -0.74888617 ...  0.5425044  -0.8178265
  0.3320507 ]",0,0,0,0,0
Stupid Champlain;  building his settlement on Montreal island 's floodplains.,"[ 0.6239188   0.84634376  0.01612227 ... -0.11936192 -1.0152869
  0.15755603]",0,0,0,0,0
I agree he is his own worst enemy.,"[-1.3128301   1.0815808  -0.20327252 ...  0.4068042  -1.3564094
  0.24195422]",0,0,0,0,0
"ADN, why no article on this moron from Wasilla?","[-0.14128935  0.6402215   0.8842387  ... -0.4422117  -0.5973583
  1.7762231 ]",0,0,0,0,0
Do I Need to Be Visibly Queer?,"[ 0.24103685  0.05113347  0.7061156  ...  0.856804   -1.5165638
  0.8656851 ]",0,0,0,0,0
"Uh, who cares?","[-0.10539471 -0.7839713  -0.06986896 ... -0.53352344 -0.04631013
  1.7262399 ]",0,0,0,0,0
"Obviously, YOU ARE AN AIRLINE EMPLOYEE because, the fine print on tickets are to abuse a customer.","[ 0.10729871  1.1026108   0.08458099 ...  0.75407326 -1.8468366
 -1.1299214 ]",0,0,0,0,0
"Here's the thing with bigots, just own it.","[-1.3620189e+00  3.3133797e-04  5.7951206e-01 ...  5.6201160e-01
 -5.7674009e-01  1.0991899e+00]",0,0,0,0,0
"Shatta Bandle Is Far Gone! Screenshot: I'm the Young Rich Nigga Himself - South African Musician, Cassper Claims","[-0.55213845  0.40890172  0.6905091  ... -0.28754756  0.01457432
 -0.60852796]",1,0,0,1,0
Heck our government is sexist.,"[-0.4529699  -0.05721607  0.54198474 ...  0.19250003 -1.1655154
  0.68293315]",0,0,0,0,0
"You probably own three cars, a motorcycle and a moped and never ride The Bus.","[-1.0376111  -0.13066438  0.07961449 ... -0.22048363 -0.77103984
 -0.9358198 ]",0,0,0,0,0
"Make The Witcher's Jaskier Bisexual, You Cowards","[-0.27959046  0.24023406  0.64538485 ...  0.3662343  -1.2957032
  0.78579795]",0,0,0,0,0
"CIVIL COMMENTS IS JUST LIKE RUSSIAN COMMENTS IN THEIR NEWSPAPERS
YOU CAN ONLY SAY WHAT THE GOVERNMENT ALLOWS
NOT IN USA
CIVIL COMMENTS LLC IN PORTLAND OREGON IS A DOMESTIC TERRORIST GROUP!!","[-0.744146    0.74248934 -0.1399571  ... -0.42523268 -0.51233876
  0.15129907]",0,0,0,0,0
"Cock Cock… Who's There: A Bold, Intimate and Powerful “Subversion of Victimhood” Coming to Adelaide Festival","[ 0.86130613  0.19670375  0.6012811  ... -0.00860615 -1.058621
  0.38801125]",0,0,0,0,0
"Gangubai Kathiawadi: Netizens furious over `racist` scene, Vijay Raaz playing trans role","[-0.50250614  0.30569974  0.30577856 ...  1.1950805  -1.4992886
  0.6037225 ]",0,0,0,0,0
Teacher told students fetuses turn gay when they're “unwanted in your parents' womb”,"[ 0.43899783  0.40490264 -0.01234335 ...  0.31070527 -1.215325
  0.45464307]",0,0,0,0,0
"It bugs me when pundits say ""They're not perfect, but...""
How far from ""perfect"" are the BC illiberal Liberals?","[-0.02105146  1.1273199   1.3734039  ... -0.43373522 -1.1875046
 -0.35674456]",0,0,0,0,0
"And Just Like That writer on Harry's ""substantial penis"" size","[-0.32604638  0.15980895 -0.6516333  ...  0.3717819  -1.1397974
  1.8193817 ]",0,0,0,0,0
I'm a Eugene Ear.,"[ 0.6466917  -0.01784229 -0.3131414  ... -0.24932268 -0.6601033
  0.0682141 ]",0,0,0,0,0
"Bob Dylan Goes Punk on Late Night with David Letterman, Playing “Jokerman” with the Latino Punk Band, the Plugz (1984)","[-0.7479568   1.1398841   0.9487515  ...  0.05328392 -1.6270579
 -0.13408701]",0,0,1,0,0
Gay penguins raise newly hatched chick at New York zoo,"[ 0.4648591   0.06616219 -0.8150434  ...  0.4319672  -2.1508756
  1.0659742 ]",0,0,0,1,0
Hari Nef on This American Wife,"[-1.1997696   0.25540498 -0.57031    ... -0.66888475 -0.9970013
  0.7050319 ]",0,0,0,0,0
My husband is gay but we’re married with two kids and have great sex,"[ 0.5738104   0.779434   -0.861379   ...  0.10049593 -0.36913815
  0.77602005]",0,0,0,0,0
That would be useful but the men demand children and keep their multiple wives continually pregnant.,"[ 0.21579416  0.4412642  -0.46998677 ... -0.16015564 -0.47815675
  1.7311633 ]",0,0,0,0,0
more bad trump judgment,"[-0.33706936  0.9213903   0.16836096 ... -1.6272086  -0.9283417
  0.91182834]",0,0,0,0,0
The real problem is the head clown in the white house has told the immigration and border people they are free to be as abusive as they choose.,"[-0.11330825  0.8234982   0.24023354 ... -0.48949537 -0.92922926
  0.3866246 ]",0,0,0,0,0
WigandFakeNose Canadians are the biggest freeloaders and mooches in the world when it comes to having a military.,"[-1.0397437   0.9828409   0.7822518  ...  0.08278748  0.312361
 -0.29611427]",0,0,0,0,0
Why...#MAGA,"[ 0.5219491  -0.338362    0.7304756  ... -0.7801567   1.1186874
  0.19488941]",0,0,0,0,0
"7 Things to Know About Transitioning, Hormones, and Breast Growth","[ 0.5785375   0.73462456  0.1330755  ...  1.2961836  -0.59594405
  1.3416693 ]",0,0,0,0,0
Waha,"[-0.39960343 -0.6510334  -0.18148847 ...  0.70225114 -0.15156111
  0.448426  ]",0,0,0,0,0
I'm A Young Bi Dad. Here's What People Get Wrong About Me,"[ 0.30334264 -0.01439797  0.6670661  ... -0.32548416 -1.1581247
  1.4211384 ]",0,0,0,0,0
Was That Steve Zahn's Real Penis in 'The White Lotus' on HBO Max?,"[ 0.28830642 -0.45574716  0.32433796 ... -0.5550749  -1.1608506
 -0.22531816]",0,0,0,0,0
Ruth Jones and the BBC defend Gavin and Stacey stars singing homophobic slur ‘f*****’ in Fairytale of New Y...,"[-0.7784683   0.51852965 -0.7630778  ...  0.22411866 -1.0193934
 -0.5754248 ]",0,0,0,0,0
and then forever flounder in the tiny political wasteland of Canada's far right.,"[-1.004113    0.29614955  0.07235815 ...  0.05805695 -0.5729459
 -0.00156224]",0,0,0,0,0
"That has to be the dumbest reply to a comment I have ever read, but TY.","[-0.85935104  0.7039882   0.36936945 ...  0.3180448  -1.6266607
  1.115024  ]",0,0,0,0,0
Gen Z and millennials are hung up on penis size during sex: survey,"[ 1.0176555  -0.21310452 -0.22676408 ...  0.9105391  -0.6208464
  1.2885206 ]",0,0,0,0,0
Knock it off.,"[-0.8784898  -1.693738    0.6657983  ... -0.5767149   0.47174272
  0.5033186 ]",0,0,0,0,0
Another dummy Dem who's still stuck on stupid.,"[-0.67276996  0.6192467   0.5548219  ... -0.668313   -1.2630141
  0.89321953]",0,0,0,0,0
"Yeah yeah yeah,, eat whatever political crap we shove down your throat and call it democracy.. 
im voting for whoever cuts all goverment budgets by 10% to 50% before we all end up with concentration camp communities for Cash Cows of the great Global Prospectus... Time to choke on it freaks , your plans are not my plans","[-0.69963306  1.7208557   0.9604222  ...  0.20178631 -0.7709421
 -0.8961497 ]",0,0,0,0,0
Inside the Left wing Auckland Mayoralty meltdown – Labour has some explaining to do,"[ 0.39528158  0.483755    0.926068   ... -0.46379673 -2.1329308
 -0.5306083 ]",0,0,0,0,0
Landlord put up a sign with an anti-gay slur & told protestors it's a communism joke gone awry,"[ 0.18188702  1.2231019   0.6478166  ...  0.19236694 -1.6017272
  0.2274213 ]",0,0,0,0,0
"No, the crappy cheapo insurance you had before wouldnt cover diddly until the 80% rule kicked in, flybynite insurers disappeared because they sucked.","[-0.54565924  1.2032157   0.28332284 ...  0.3155247  -0.37269226
  0.892631  ]",0,0,0,0,0
Bigoted candidate has it wrong: Turning Boynton Beach 'gay' is just what it needs | Frank Cerabino,"[-0.8294076   1.2087137   0.5787535  ... -0.7999798  -1.3591383
  0.85719717]",0,0,0,0,0
"Bisexual Men, What Misconceptions Are You Tired Of Hearing?","[ 0.02240837  0.4637024   1.2699963  ... -0.9627155  -0.37210545
  1.9479678 ]",0,0,0,0,0
If he speaks common sense yes.,"[-0.26453528 -0.1444065   0.1664615  ... -1.1324512  -0.24643368
  1.3294677 ]",0,0,0,0,0
A school in Texas banned Spanish and beat Mexican American students who dared,"[-0.13462114 -1.0708406  -0.27395958 ...  0.31986207 -0.2218434
  0.48020595]",0,0,0,0,0
Hockey fans brutally punch & kick gay man outside of arena after game,"[-0.34749383  0.24722643  0.48155203 ... -0.46156898 -1.6623505
 -0.3989305 ]",0,0,0,0,0
"The horse is dead, stop beating it.","[-1.2006474   0.17313355  0.08640493 ...  0.1471073  -0.14106351
  1.131438  ]",0,0,0,0,0
How pathetic.,"[-0.22859208  0.7696601   0.10828342 ... -0.5217263   0.7443248
  0.9870102 ]",0,0,0,0,0
Investment exec explains why Indian govt wants to 'tax the hell' out of crypto,"[-0.38590568  2.0026596   0.63741845 ... -1.3855252  -1.4331843
 -0.18699169]",0,0,0,0,0
Meet Your Maker: Leo Bañuelos infuses queer identity into his skateboard films,"[-0.06755473  1.0922979   0.3475499  ...  0.22165544 -3.202763
  0.8055073 ]",0,0,0,0,0
This is the most incompetent and directionless government in Canadian history.,"[-0.6983285   0.5980992  -0.02645025 ... -0.21624167 -1.166012
  0.95114714]",0,0,0,0,0
Government: quit throwing our good money after bad!,[-1.4935354  1.0903482  1.5874081 ... -1.066039  -0.6311212 -1.0718518],0,0,0,0,0
"Here's what it's like to visit Cubbyhole, NYC's best-known lesbian bar","[-0.01178199  0.28146905  0.14716783 ... -0.15877542 -2.1852548
  0.08875241]",0,0,0,0,0
When asserting your rights during  airline travel involves having your kids taken away.,"[ 0.06317709 -0.6759605  -0.01153402 ... -0.16062313 -0.42267933
  0.0744112 ]",0,0,0,0,0
Man poops out of penis due to rare condition,"[-0.4557133  -0.01537775  1.0430197  ...  0.29781327 -0.51109844
  0.7966909 ]",0,0,0,0,0
"In the Last 3 Months, the Word 'Faggot' Has Been Tweeted 2.6 Million Times",[0.4354863  0.7686305  0.9771518  ... 0.17324762 0.1668065  0.1215695 ],0,0,0,0,0
What are These Boobies Doing in Maine?,"[-0.85967886  0.81484836  0.46285838 ... -0.16146062 -0.85368335
  0.6852976 ]",0,0,0,0,0
"Doug Saunders,wannabe  member of the ""PROGRESSIVE"" elite.","[ 4.7635069e-01  5.3801471e-01  8.3376664e-01 ... -9.7835960e-04
 -1.3217843e+00  8.7793104e-02]",0,0,0,0,0
"CIVIL COMMENTS BLOCKS FREE SPEECH
CIVIL COMMENTS IS ANTI-AMERICAN
CIVIL COMMENTS IS A TERRORIST ORGANIZATION","[-0.8941708  -0.28377637  0.8854683  ...  0.0024608  -0.20076613
 -0.08067117]",0,0,0,0,0
Man who threatened to kill Pelosi and Bowser pleads guilty,"[-0.5072312   1.5499406   0.46123874 ... -0.34632713 -1.0769925
  0.79897684]",0,0,0,0,0
"MP’s wild 18 years: ‘Hunk of house’, tosser moment & ‘boobies’","[-0.3076163   0.28782687 -0.40475395 ... -0.21534698 -0.6516533
  0.86822116]",0,0,0,0,0
